date,beef,veal,pork,lamb_and_mutton,broilers,other_chicken,turkey
1944-01-01 00:00:00,751.0,85.0,1280.0,89.0,,,
1944-02-01 00:00:00,713.0,77.0,1169.0,72.0,,,
1944-03-01 00:00:00,741.0,90.0,1128.0,75.0,,,
1944-04-01 00:00:00,650.0,89.0,978.0,66.0,,,
1944-05-01 00:00:00,681.0,106.0,1029.0,78.0,,,
1944-06-01 00:00:00,658.0,125.0,962.0,79.0,,,
1944-07-01 00:00:00,662.0,142.0,796.0,82.0,,,
1944-08-01 00:00:00,787.0,175.0,748.0,87.0,,,
1944-09-01 00:00:00,774.0,182.0,678.0,91.0,,,
1944-10-01 00:00:00,834.0,215.0,777.0,100.0,,,
1944-11-01 00:00:00,786.0,197.0,944.0,91.0,,,
1944-12-01 00:00:00,764.0,146.0,1013.0,91.0,,,
1945-01-01 00:00:00,820.0,119.0,1037.0,100.0,,,
1945-02-01 00:00:00,816.0,97.0,724.0,81.0,,,
1945-03-01 00:00:00,836.0,107.0,723.0,87.0,,,
1945-04-01 00:00:00,736.0,98.0,651.0,78.0,,,
1945-05-01 00:00:00,747.0,103.0,682.0,87.0,,,
1945-06-01 00:00:00,739.0,110.0,674.0,87.0,,,
1945-07-01 00:00:00,736.0,117.0,610.0,82.0,,,
1945-08-01 00:00:00,858.0,145.0,531.0,77.0,,,
1945-09-01 00:00:00,910.0,164.0,535.0,80.0,,,
1945-10-01 00:00:00,1022.0,201.0,628.0,95.0,,,
1945-11-01 00:00:00,933.0,173.0,945.0,86.0,,,
1945-12-01 00:00:00,783.0,118.0,1103.0,90.0,,,
1946-01-01 00:00:00,856.0,101.0,1051.0,74.0,,,
1946-02-01 00:00:00,827.0,85.0,966.0,109.0,,,
1946-03-01 00:00:00,796.0,92.0,780.0,97.0,,,
1946-04-01 00:00:00,734.0,91.0,846.0,83.0,,,
1946-05-01 00:00:00,605.0,83.0,810.0,65.0,,,
1946-06-01 00:00:00,461.0,78.0,505.0,75.0,,,
1946-07-01 00:00:00,954.0,140.0,903.0,77.0,,,
1946-08-01 00:00:00,871.0,138.0,601.0,72.0,,,
1946-09-01 00:00:00,366.0,98.0,124.0,63.0,,,
1946-10-01 00:00:00,840.0,167.0,662.0,96.0,,,
1946-11-01 00:00:00,844.0,142.0,1010.0,71.0,,,
1946-12-01 00:00:00,856.0,114.0,962.0,64.0,,,
1947-01-01 00:00:00,935.0,113.0,1054.0,74.0,,,
1947-02-01 00:00:00,778.0,93.0,709.0,62.0,,,
1947-03-01 00:00:00,829.0,104.0,606.0,62.0,,,
1947-04-01 00:00:00,831.0,108.0,656.0,65.0,,,
1947-05-01 00:00:00,846.0,110.0,678.0,65.0,,,
1947-06-01 00:00:00,804.0,118.0,667.0,60.0,,,
1947-07-01 00:00:00,839.0,136.0,661.0,59.0,,,
1947-08-01 00:00:00,766.0,131.0,534.0,57.0,,,
1947-09-01 00:00:00,888.0,154.0,549.0,66.0,,,
1947-10-01 00:00:00,924.0,163.0,700.0,76.0,,,
1947-11-01 00:00:00,813.0,145.0,932.0,66.0,,,
1947-12-01 00:00:00,843.0,118.0,1065.0,67.0,,,
1948-01-01 00:00:00,856.0,106.0,929.0,65.0,,,
1948-02-01 00:00:00,662.0,87.0,679.0,60.0,,,
1948-03-01 00:00:00,727.0,99.0,672.0,60.0,,,
1948-04-01 00:00:00,700.0,101.0,629.0,53.0,,,
1948-05-01 00:00:00,650.0,97.0,653.0,47.0,,,
1948-06-01 00:00:00,733.0,118.0,774.0,58.0,,,
1948-07-01 00:00:00,681.0,116.0,576.0,55.0,,,
1948-08-01 00:00:00,705.0,121.0,463.0,59.0,,,
1948-09-01 00:00:00,773.0,127.0,514.0,68.0,,,
1948-10-01 00:00:00,752.0,126.0,690.0,73.0,,,
1948-11-01 00:00:00,744.0,119.0,896.0,67.0,,,
1948-12-01 00:00:00,783.0,106.0,1011.0,63.0,,,
1949-01-01 00:00:00,779.0,91.0,915.0,60.0,,,
1949-02-01 00:00:00,697.0,82.0,701.0,51.0,,,
1949-03-01 00:00:00,794.0,98.0,737.0,47.0,,,
1949-04-01 00:00:00,721.0,91.0,647.0,34.0,,,
1949-05-01 00:00:00,747.0,92.0,630.0,38.0,,,
1949-06-01 00:00:00,765.0,103.0,657.0,42.0,,,
1949-07-01 00:00:00,743.0,103.0,584.0,45.0,,,
1949-08-01 00:00:00,835.0,123.0,605.0,54.0,,,
1949-09-01 00:00:00,821.0,121.0,637.0,55.0,,,
1949-10-01 00:00:00,772.0,120.0,764.0,56.0,,,
1949-11-01 00:00:00,751.0,119.0,957.0,52.0,,,
1949-12-01 00:00:00,717.0,97.0,1041.0,53.0,,,
1950-01-01 00:00:00,780.0,87.0,965.0,55.0,,,
1950-02-01 00:00:00,676.0,80.0,699.0,46.0,,,
1950-03-01 00:00:00,775.0,96.0,807.0,49.0,,,
1950-04-01 00:00:00,694.0,87.0,702.0,44.0,,,
1950-05-01 00:00:00,774.0,93.0,716.0,47.0,,,
1950-06-01 00:00:00,753.0,97.0,718.0,48.0,,,
1950-07-01 00:00:00,754.0,97.0,617.0,46.0,,,
1950-08-01 00:00:00,829.0,108.0,633.0,52.0,,,
1950-09-01 00:00:00,832.0,107.0,667.0,51.0,,,
1950-10-01 00:00:00,814.0,105.0,806.0,51.0,,,
1950-11-01 00:00:00,794.0,98.0,978.0,47.0,,,
1950-12-01 00:00:00,773.0,82.0,1089.0,45.0,,,
1951-01-01 00:00:00,842.0,81.0,1085.0,54.0,,,
1951-02-01 00:00:00,650.0,66.0,720.0,38.0,,,
1951-03-01 00:00:00,696.0,73.0,837.0,39.0,,,
1951-04-01 00:00:00,658.0,67.0,813.0,36.0,,,
1951-05-01 00:00:00,716.0,71.0,798.0,34.0,,,
1951-06-01 00:00:00,591.0,78.0,798.0,39.0,,,
1951-07-01 00:00:00,676.0,86.0,686.0,42.0,,,
1951-08-01 00:00:00,767.0,98.0,753.0,44.0,,,
1951-09-01 00:00:00,697.0,87.0,715.0,41.0,,,
1951-10-01 00:00:00,789.0,106.0,885.0,53.0,,,
1951-11-01 00:00:00,768.0,91.0,1023.0,47.0,,,
1951-12-01 00:00:00,699.0,68.0,1077.0,41.0,,,
1952-01-01 00:00:00,810.0,75.0,1130.0,54.0,,,
1952-02-01 00:00:00,721.0,66.0,945.0,52.0,,,
1952-03-01 00:00:00,685.0,70.0,924.0,51.0,,,
1952-04-01 00:00:00,703.0,71.0,839.0,50.0,,,
1952-05-01 00:00:00,742.0,77.0,736.0,49.0,,,
1952-06-01 00:00:00,698.0,83.0,727.0,46.0,,,
1952-07-01 00:00:00,786.0,94.0,653.0,43.0,,,
1952-08-01 00:00:00,793.0,100.0,637.0,49.0,,,
1952-09-01 00:00:00,841.0,111.0,720.0,59.0,,,
1952-10-01 00:00:00,933.0,128.0,894.0,68.0,,,
1952-11-01 00:00:00,768.0,105.0,937.0,52.0,,,
1952-12-01 00:00:00,857.0,100.0,1179.0,62.0,,,
1953-01-01 00:00:00,926.0,91.0,1029.0,67.0,,,
1953-02-01 00:00:00,849.0,80.0,759.0,57.0,,,
1953-03-01 00:00:00,931.0,94.0,809.0,63.0,,,
1953-04-01 00:00:00,989.0,102.0,714.0,58.0,,,
1953-05-01 00:00:00,961.0,107.0,619.0,52.0,,,
1953-06-01 00:00:00,999.0,128.0,644.0,50.0,,,
1953-07-01 00:00:00,1034.0,138.0,597.0,54.0,,,
1953-08-01 00:00:00,1007.0,142.0,582.0,55.0,,,
1953-09-01 00:00:00,1085.0,152.0,664.0,64.0,,,
1953-10-01 00:00:00,1144.0,162.0,793.0,73.0,,,
1953-11-01 00:00:00,1037.0,133.0,888.0,58.0,,,
1953-12-01 00:00:00,1093.0,122.0,873.0,64.0,,,
1954-01-01 00:00:00,1076.0,111.0,809.0,66.0,,,
1954-02-01 00:00:00,921.0,99.0,656.0,59.0,,,
1954-03-01 00:00:00,1068.0,121.0,770.0,61.0,,,
1954-04-01 00:00:00,988.0,111.0,661.0,58.0,,,
1954-05-01 00:00:00,1007.0,115.0,616.0,54.0,,,
1954-06-01 00:00:00,1066.0,138.0,649.0,59.0,,,
1954-07-01 00:00:00,1078.0,143.0,596.0,59.0,,,
1954-08-01 00:00:00,1080.0,149.0,641.0,60.0,,,
1954-09-01 00:00:00,1098.0,154.0,757.0,62.0,,,
1954-10-01 00:00:00,1086.0,153.0,818.0,63.0,,,
1954-11-01 00:00:00,1059.0,134.0,947.0,59.0,,,
1954-12-01 00:00:00,1074.0,123.0,1012.0,61.0,,,
1955-01-01 00:00:00,1073.0,114.0,939.0,66.0,,,
1955-02-01 00:00:00,924.0,100.0,771.0,59.0,,,
1955-03-01 00:00:00,1084.0,119.0,905.0,68.0,,,
1955-04-01 00:00:00,1013.0,109.0,744.0,63.0,,,
1955-05-01 00:00:00,1075.0,118.0,707.0,64.0,,,
1955-06-01 00:00:00,1144.0,130.0,667.0,60.0,,,
1955-07-01 00:00:00,1045.0,123.0,594.0,53.0,,,
1955-08-01 00:00:00,1227.0,143.0,726.0,62.0,,,
1955-09-01 00:00:00,1206.0,147.0,808.0,66.0,,,
1955-10-01 00:00:00,1172.0,142.0,948.0,62.0,,,
1955-11-01 00:00:00,1136.0,129.0,1073.0,60.0,,,
1955-12-01 00:00:00,1114.0,113.0,1145.0,61.0,,,
1956-01-01 00:00:00,1231.0,115.0,1057.0,71.0,,,
1956-02-01 00:00:00,1087.0,108.0,923.0,64.0,,,
1956-03-01 00:00:00,1131.0,113.0,954.0,66.0,,,
1956-04-01 00:00:00,1122.0,113.0,812.0,60.0,,,
1956-05-01 00:00:00,1194.0,122.0,777.0,54.0,,,
1956-06-01 00:00:00,1172.0,124.0,711.0,52.0,,,
1956-07-01 00:00:00,1198.0,133.0,690.0,57.0,,,
1956-08-01 00:00:00,1202.0,151.0,721.0,62.0,,,
1956-09-01 00:00:00,1105.0,141.0,767.0,57.0,,,
1956-10-01 00:00:00,1304.0,169.0,967.0,71.0,,,
1956-11-01 00:00:00,1201.0,141.0,1011.0,58.0,,,
1956-12-01 00:00:00,1143.0,111.0,894.0,56.0,,,
1957-01-01 00:00:00,1326.0,128.0,913.0,72.0,,,
1957-02-01 00:00:00,1082.0,107.0,778.0,60.0,,,
1957-03-01 00:00:00,1099.0,112.0,831.0,56.0,,,
1957-04-01 00:00:00,1085.0,113.0,786.0,57.0,,,
1957-05-01 00:00:00,1203.0,118.0,785.0,60.0,,,
1957-06-01 00:00:00,1086.0,115.0,663.0,53.0,,,
1957-07-01 00:00:00,1220.0,132.0,687.0,60.0,,,
1957-08-01 00:00:00,1196.0,138.0,694.0,56.0,,,
1957-09-01 00:00:00,1151.0,131.0,760.0,56.0,,,
1957-10-01 00:00:00,1268.0,140.0,935.0,62.0,,,
1957-11-01 00:00:00,1072.0,110.0,865.0,50.0,,,
1957-12-01 00:00:00,1064.0,98.0,882.0,52.0,,,
1958-01-01 00:00:00,1211.0,106.0,892.0,59.0,,,
1958-02-01 00:00:00,960.0,86.0,708.0,53.0,,,
1958-03-01 00:00:00,985.0,91.0,775.0,56.0,,,
1958-04-01 00:00:00,1023.0,90.0,806.0,65.0,,,
1958-05-01 00:00:00,1062.0,90.0,734.0,62.0,,,
1958-06-01 00:00:00,1078.0,91.0,710.0,55.0,,,
1958-07-01 00:00:00,1148.0,96.0,714.0,53.0,,,
1958-08-01 00:00:00,1079.0,92.0,718.0,50.0,,,
1958-09-01 00:00:00,1148.0,94.0,822.0,55.0,,,
1958-10-01 00:00:00,1220.0,103.0,932.0,59.0,,,
1958-11-01 00:00:00,978.0,81.0,858.0,48.0,,,
1958-12-01 00:00:00,1091.0,83.0,949.0,59.0,,,
1959-01-01 00:00:00,1127.0,75.0,965.0,74.0,,,
1959-02-01 00:00:00,946.0,67.0,907.0,60.0,,,
1959-03-01 00:00:00,1029.0,73.0,918.0,64.0,,,
1959-04-01 00:00:00,1099.0,73.0,920.0,61.0,,,
1959-05-01 00:00:00,1071.0,70.0,823.0,54.0,,,
1959-06-01 00:00:00,1109.0,76.0,825.0,54.0,,,
1959-07-01 00:00:00,1166.0,80.0,842.0,57.0,,,
1959-08-01 00:00:00,1083.0,76.0,792.0,52.0,,,
1959-09-01 00:00:00,1177.0,87.0,926.0,63.0,,,
1959-10-01 00:00:00,1186.0,92.0,1060.0,64.0,,,
1959-11-01 00:00:00,1080.0,80.0,1028.0,57.0,,,
1959-12-01 00:00:00,1160.0,80.0,1125.0,64.0,,,
1960-01-01 00:00:00,1196.0,79.0,1058.0,68.0,255.90000000000001,,22.100000000000001
1960-02-01 00:00:00,1089.0,73.0,940.0,60.0,250.90000000000001,,14.0
1960-03-01 00:00:00,1201.0,83.0,981.0,61.0,283.60000000000002,,13.4
1960-04-01 00:00:00,1066.0,75.0,910.0,59.0,301.60000000000002,,16.199999999999999
1960-05-01 00:00:00,1202.0,77.0,905.0,61.0,331.69999999999999,,27.100000000000001
1960-06-01 00:00:00,1247.0,85.0,852.0,60.0,339.80000000000001,,46.0
1960-07-01 00:00:00,1166.0,85.0,724.0,57.0,323.60000000000002,,51.899999999999999
1960-08-01 00:00:00,1307.0,99.0,850.0,65.0,379.30000000000001,,109.5
1960-09-01 00:00:00,1298.0,101.0,845.0,68.0,341.39999999999998,,149.59999999999999
1960-10-01 00:00:00,1263.0,97.0,885.0,70.0,324.60000000000002,,192.30000000000001
1960-11-01 00:00:00,1190.0,91.0,956.0,64.0,285.89999999999998,,181.30000000000001
1960-12-01 00:00:00,1149.0,80.0,957.0,61.0,280.80000000000001,,125.09999999999999
1961-01-01 00:00:00,1235.0,81.0,947.0,73.0,297.80000000000001,,34.899999999999999
1961-02-01 00:00:00,1086.0,73.0,823.0,63.0,255.80000000000001,,16.100000000000001
1961-03-01 00:00:00,1242.0,82.0,980.0,75.0,331.69999999999999,,24.300000000000001
1961-04-01 00:00:00,1137.0,72.0,823.0,71.0,357.89999999999998,,22.399999999999999
1961-05-01 00:00:00,1321.0,79.0,923.0,75.0,421.30000000000001,,44.799999999999997
1961-06-01 00:00:00,1333.0,79.0,854.0,66.0,442.39999999999998,,72.799999999999997
1961-07-01 00:00:00,1223.0,74.0,723.0,60.0,412.39999999999998,,82.0
1961-08-01 00:00:00,1344.0,89.0,842.0,68.0,427.5,,143.59999999999999
1961-09-01 00:00:00,1267.0,85.0,838.0,67.0,373.0,,179.40000000000001
1961-10-01 00:00:00,1336.0,91.0,993.0,73.0,385.19999999999999,,248.30000000000001
1961-11-01 00:00:00,1237.0,84.0,1034.0,65.0,306.0,,249.40000000000001
1961-12-01 00:00:00,1169.0,71.0,950.0,62.0,275.80000000000001,,138.0
1962-01-01 00:00:00,1327.0,82.0,1017.0,77.0,304.0,,33.899999999999999
1962-02-01 00:00:00,1111.0,69.0,864.0,66.0,275.80000000000001,,12.6
1962-03-01 00:00:00,1232.0,78.0,1010.0,68.0,339.5,,13.800000000000001
1962-04-01 00:00:00,1141.0,71.0,932.0,66.0,362.30000000000001,,19.199999999999999
1962-05-01 00:00:00,1312.0,79.0,964.0,66.0,427.80000000000001,,32.5
1962-06-01 00:00:00,1275.0,73.0,853.0,56.0,421.39999999999998,,44.5
1962-07-01 00:00:00,1284.0,76.0,798.0,62.0,397.0,,59.200000000000003
1962-08-01 00:00:00,1343.0,86.0,867.0,65.0,415.69999999999999,,121.5
1962-09-01 00:00:00,1194.0,81.0,787.0,67.0,343.5,,163.19999999999999
1962-10-01 00:00:00,1357.0,93.0,1092.0,77.0,408.60000000000002,,237.19999999999999
1962-11-01 00:00:00,1209.0,79.0,1052.0,65.0,342.30000000000001,,231.19999999999999
1962-12-01 00:00:00,1146.0,69.0,993.0,60.0,322.89999999999998,,128.0
1963-01-01 00:00:00,1346.0,78.0,1063.0,73.0,377.5,,31.0
1963-02-01 00:00:00,1171.0,66.0,922.0,59.0,303.10000000000002,,13.199999999999999
1963-03-01 00:00:00,1276.0,68.0,1056.0,63.0,343.5,,12.4
1963-04-01 00:00:00,1304.0,65.0,1037.0,62.0,379.39999999999998,,16.699999999999999
1963-05-01 00:00:00,1404.0,65.0,986.0,59.0,417.19999999999999,,30.899999999999999
1963-06-01 00:00:00,1311.0,61.0,824.0,53.0,414.0,,42.0
1963-07-01 00:00:00,1370.0,71.0,850.0,64.0,444.19999999999999,,74.799999999999997
1963-08-01 00:00:00,1397.0,76.0,856.0,64.0,431.19999999999999,,137.69999999999999
1963-09-01 00:00:00,1342.0,76.0,954.0,65.0,390.39999999999998,,193.69999999999999
1963-10-01 00:00:00,1513.0,84.0,1110.0,76.0,409.30000000000001,,251.80000000000001
1963-11-01 00:00:00,1299.0,70.0,1075.0,59.0,326.30000000000001,,217.40000000000001
1963-12-01 00:00:00,1316.0,67.0,1130.0,60.0,371.19999999999999,,142.09999999999999
1964-01-01 00:00:00,1512.0,77.0,1162.0,71.0,391.80000000000001,,32.100000000000001
1964-02-01 00:00:00,1301.0,64.0,973.0,55.0,345.60000000000002,,12.5
1964-03-01 00:00:00,1414.0,69.0,1052.0,59.0,371.19999999999999,,15.6
1964-04-01 00:00:00,1515.0,68.0,1073.0,60.0,406.60000000000002,,18.0
1964-05-01 00:00:00,1511.0,66.0,921.0,55.0,423.0,,29.899999999999999
1964-06-01 00:00:00,1589.0,72.0,868.0,55.0,454.5,,52.600000000000001
1964-07-01 00:00:00,1545.0,81.0,853.0,58.0,436.0,,86.599999999999994
1964-08-01 00:00:00,1477.0,84.0,814.0,53.0,432.80000000000001,,145.59999999999999
1964-09-01 00:00:00,1536.0,91.0,939.0,59.0,419.89999999999998,,208.30000000000001
1964-10-01 00:00:00,1623.0,97.0,1140.0,64.0,413.19999999999999,,258.30000000000001
1964-11-01 00:00:00,1454.0,82.0,1106.0,55.0,339.30000000000001,,250.59999999999999
1964-12-01 00:00:00,1560.0,77.0,1118.0,59.0,376.30000000000001,,143.0
1965-01-01 00:00:00,1539.0,79.0,1014.0,59.0,396.0,,31.199999999999999
1965-02-01 00:00:00,1365.0,69.0,872.0,48.0,353.0,,13.699999999999999
1965-03-01 00:00:00,1568.0,80.0,1075.0,55.0,407.69999999999999,,14.5
1965-04-01 00:00:00,1423.0,73.0,972.0,55.0,420.30000000000001,,15.6
1965-05-01 00:00:00,1431.0,66.0,803.0,50.0,433.10000000000002,,27.0
1965-06-01 00:00:00,1530.0,74.0,804.0,50.0,486.80000000000001,,54.700000000000003
1965-07-01 00:00:00,1520.0,77.0,755.0,51.0,467.30000000000001,,95.700000000000003
1965-08-01 00:00:00,1567.0,85.0,806.0,52.0,483.19999999999999,,163.59999999999999
1965-09-01 00:00:00,1624.0,90.0,917.0,59.0,469.80000000000001,,224.40000000000001
1965-10-01 00:00:00,1603.0,88.0,920.0,57.0,456.89999999999998,,262.10000000000002
1965-11-01 00:00:00,1570.0,83.0,935.0,52.0,398.89999999999998,,275.10000000000002
1965-12-01 00:00:00,1585.0,72.0,863.0,51.0,421.39999999999998,,152.5
1966-01-01 00:00:00,1659.0,75.0,830.0,51.0,407.0,,35.5
1966-02-01 00:00:00,1468.0,69.0,809.0,45.0,397.80000000000001,,18.100000000000001
1966-03-01 00:00:00,1606.0,79.0,1006.0,59.0,439.39999999999998,,17.0
1966-04-01 00:00:00,1508.0,68.0,923.0,55.0,449.60000000000002,,20.5
1966-05-01 00:00:00,1583.0,66.0,875.0,54.0,469.69999999999999,,35.700000000000003
1966-06-01 00:00:00,1700.0,70.0,841.0,56.0,514.29999999999995,,79.5
1966-07-01 00:00:00,1559.0,68.0,747.0,50.0,465.19999999999999,,114.5
1966-08-01 00:00:00,1736.0,79.0,879.0,55.0,540.39999999999998,,196.40000000000001
1966-09-01 00:00:00,1714.0,76.0,991.0,57.0,515.39999999999998,,239.90000000000001
1966-10-01 00:00:00,1668.0,76.0,1029.0,56.0,497.10000000000002,,271.89999999999998
1966-11-01 00:00:00,1650.0,72.0,1094.0,50.0,435.30000000000001,,274.89999999999998
1966-12-01 00:00:00,1642.0,64.0,1106.0,51.0,472.69999999999999,,174.09999999999999
1967-01-01 00:00:00,1728.0,67.0,1108.0,61.0,474.89999999999998,,45.299999999999997
1967-02-01 00:00:00,1540.0,59.0,980.0,57.0,403.60000000000002,,24.800000000000001
1967-03-01 00:00:00,1693.0,65.0,1136.0,61.0,472.0,,26.5
1967-04-01 00:00:00,1595.0,57.0,1020.0,49.0,455.89999999999998,,25.199999999999999
1967-05-01 00:00:00,1763.0,59.0,930.0,49.0,552.0,,46.399999999999999
1967-06-01 00:00:00,1748.0,60.0,919.0,49.0,548.0,,102.40000000000001
1967-07-01 00:00:00,1604.0,59.0,838.0,48.0,488.10000000000002,,153.40000000000001
1967-08-01 00:00:00,1738.0,68.0,1009.0,54.0,573.5,,246.0
1967-09-01 00:00:00,1647.0,66.0,1046.0,55.0,503.69999999999999,,253.30000000000001
1967-10-01 00:00:00,1726.0,70.0,1154.0,55.0,525.5,,286.30000000000001
1967-11-01 00:00:00,1616.0,64.0,1142.0,50.0,449.30000000000001,,278.10000000000002
1967-12-01 00:00:00,1593.0,54.0,1095.0,49.0,429.5,,177.30000000000001
1968-01-01 00:00:00,1798.0,63.0,1150.0,59.0,483.89999999999998,,51.899999999999999
1968-02-01 00:00:00,1633.0,54.0,986.0,48.0,429.0,,25.100000000000001
1968-03-01 00:00:00,1620.0,57.0,1060.0,46.0,448.80000000000001,,21.800000000000001
1968-04-01 00:00:00,1638.0,56.0,1113.0,49.0,484.89999999999998,,25.899999999999999
1968-05-01 00:00:00,1795.0,57.0,1110.0,50.0,532.20000000000005,,39.100000000000001
1968-06-01 00:00:00,1645.0,52.0,895.0,45.0,497.10000000000002,,69.5
1968-07-01 00:00:00,1787.0,57.0,943.0,49.0,550.89999999999998,,122.3
1968-08-01 00:00:00,1798.0,59.0,996.0,49.0,547.70000000000005,,194.0
1968-09-01 00:00:00,1725.0,59.0,1059.0,51.0,502.80000000000001,,221.19999999999999
1968-10-01 00:00:00,1917.0,67.0,1249.0,56.0,572.0,,277.19999999999999
1968-11-01 00:00:00,1661.0,61.0,1143.0,45.0,425.69999999999999,,245.59999999999999
1968-12-01 00:00:00,1647.0,54.0,1162.0,46.0,464.0,,162.0
1969-01-01 00:00:00,1857.0,60.0,1170.0,55.0,540.70000000000005,,42.600000000000001
1969-02-01 00:00:00,1631.0,52.0,1050.0,42.0,445.60000000000002,,21.300000000000001
1969-03-01 00:00:00,1660.0,53.0,1131.0,45.0,482.60000000000002,,23.399999999999999
1969-04-01 00:00:00,1667.0,52.0,1145.0,46.0,533.5,,21.0
1969-05-01 00:00:00,1685.0,50.0,1028.0,45.0,562.70000000000005,,39.0
1969-06-01 00:00:00,1666.0,50.0,964.0,42.0,573.89999999999998,,85.400000000000006
1969-07-01 00:00:00,1765.0,53.0,970.0,42.0,568.39999999999998,,145.5
1969-08-01 00:00:00,1734.0,52.0,943.0,41.0,573.79999999999995,,185.30000000000001
1969-09-01 00:00:00,1855.0,57.0,1073.0,47.0,578.0,,225.80000000000001
1969-10-01 00:00:00,1995.0,61.0,1188.0,49.0,610.5,,266.5
1969-11-01 00:00:00,1641.0,49.0,1003.0,40.0,461.30000000000001,,229.69999999999999
1969-12-01 00:00:00,1804.0,50.0,1109.0,44.0,553.20000000000005,,147.40000000000001
1970-01-01 00:00:00,1872.0,50.0,1051.0,47.0,580.10000000000002,,40.5
1970-02-01 00:00:00,1644.0,44.0,929.0,41.0,522.89999999999998,,22.199999999999999
1970-03-01 00:00:00,1760.0,49.0,1076.0,49.0,573.10000000000002,,22.100000000000001
1970-04-01 00:00:00,1783.0,47.0,1137.0,51.0,628.0,,27.600000000000001
1970-05-01 00:00:00,1736.0,45.0,1015.0,43.0,601.39999999999998,,44.899999999999999
1970-06-01 00:00:00,1807.0,45.0,981.0,44.0,666.10000000000002,,109.5
1970-07-01 00:00:00,1808.0,47.0,990.0,44.0,657.0,,172.09999999999999
1970-08-01 00:00:00,1734.0,46.0,1008.0,41.0,611.5,,212.0
1970-09-01 00:00:00,1868.0,49.0,1156.0,46.0,613.5,,244.59999999999999
1970-10-01 00:00:00,1913.0,49.0,1278.0,48.0,633.39999999999998,,276.89999999999998
1970-11-01 00:00:00,1696.0,43.0,1255.0,39.0,512.89999999999998,,244.90000000000001
1970-12-01 00:00:00,1851.0,44.0,1372.0,46.0,561.5,,149.19999999999999
1971-01-01 00:00:00,1817.0,44.0,1265.0,50.0,563.10000000000002,,49.899999999999999
1971-02-01 00:00:00,1617.0,41.0,1073.0,45.0,530.29999999999995,,31.5
1971-03-01 00:00:00,1866.0,48.0,1333.0,51.0,616.5,,42.700000000000003
1971-04-01 00:00:00,1771.0,44.0,1293.0,49.0,599.39999999999998,,47.700000000000003
1971-05-01 00:00:00,1761.0,42.0,1188.0,41.0,592.10000000000002,,63.100000000000001
1971-06-01 00:00:00,1914.0,43.0,1197.0,42.0,654.29999999999995,,127.7
1971-07-01 00:00:00,1850.0,43.0,1057.0,41.0,619.39999999999998,,177.09999999999999
1971-08-01 00:00:00,1836.0,42.0,1150.0,41.0,673.70000000000005,,221.19999999999999
1971-09-01 00:00:00,1889.0,45.0,1234.0,47.0,630.89999999999998,,235.80000000000001
1971-10-01 00:00:00,1824.0,43.0,1213.0,48.0,624.5,,256.0
1971-11-01 00:00:00,1786.0,42.0,1296.0,44.0,576.20000000000005,,242.90000000000001
1971-12-01 00:00:00,1768.0,40.0,1307.0,46.0,600.70000000000005,,146.09999999999999
1972-01-01 00:00:00,1792.0,40.0,1105.0,47.0,616.10000000000002,,57.600000000000001
1972-02-01 00:00:00,1711.0,37.0,1078.0,44.0,596.10000000000002,,45.200000000000003
1972-03-01 00:00:00,1867.0,41.0,1320.0,51.0,652.70000000000005,,45.799999999999997
1972-04-01 00:00:00,1717.0,34.0,1139.0,44.0,623.70000000000005,,44.299999999999997
1972-05-01 00:00:00,1936.0,35.0,1160.0,44.0,715.39999999999998,,74.599999999999994
1972-06-01 00:00:00,1913.0,35.0,1087.0,42.0,713.10000000000002,,149.0
1972-07-01 00:00:00,1692.0,33.0,902.0,37.0,636.60000000000002,,186.90000000000001
1972-08-01 00:00:00,1987.0,38.0,1089.0,43.0,738.60000000000002,,254.59999999999999
1972-09-01 00:00:00,1880.0,34.0,1073.0,44.0,636.10000000000002,,241.69999999999999
1972-10-01 00:00:00,2013.0,37.0,1202.0,50.0,694.79999999999995,,282.69999999999999
1972-11-01 00:00:00,1897.0,34.0,1218.0,45.0,618.10000000000002,,261.30000000000001
1972-12-01 00:00:00,1813.0,31.0,1087.0,42.0,582.20000000000005,,152.69999999999999
1973-01-01 00:00:00,1945.0,36.0,1149.0,46.0,662.10000000000002,,69.700000000000003
1973-02-01 00:00:00,1675.0,29.0,979.0,39.0,566.20000000000005,,41.600000000000001
1973-03-01 00:00:00,1774.0,31.0,1134.0,40.0,621.39999999999998,,45.299999999999997
1973-04-01 00:00:00,1483.0,24.0,1033.0,39.0,594.39999999999998,,55.799999999999997
1973-05-01 00:00:00,1826.0,27.0,1150.0,48.0,712.10000000000002,,84.200000000000003
1973-06-01 00:00:00,1740.0,25.0,995.0,39.0,680.0,,142.90000000000001
1973-07-01 00:00:00,1695.0,24.0,889.0,43.0,673.60000000000002,,185.0
1973-08-01 00:00:00,1662.0,25.0,973.0,44.0,703.5,,234.09999999999999
1973-09-01 00:00:00,1641.0,24.0,929.0,41.0,609.5,,212.30000000000001
1973-10-01 00:00:00,1996.0,28.0,1152.0,49.0,733.5,,272.60000000000002
1973-11-01 00:00:00,1874.0,28.0,1137.0,40.0,641.70000000000005,,269.89999999999998
1973-12-01 00:00:00,1778.0,24.0,1058.0,34.0,588.20000000000005,,174.59999999999999
1974-01-01 00:00:00,1973.0,29.0,1212.0,41.0,713.10000000000002,,97.299999999999997
1974-02-01 00:00:00,1603.0,25.0,999.0,34.0,601.20000000000005,,59.799999999999997
1974-03-01 00:00:00,1858.0,29.0,1167.0,44.0,641.89999999999998,,58.899999999999999
1974-04-01 00:00:00,1853.0,28.0,1225.0,43.0,672.39999999999998,,80.099999999999994
1974-05-01 00:00:00,1945.0,29.0,1256.0,36.0,745.0,,113.2
1974-06-01 00:00:00,1839.0,27.0,1050.0,29.0,687.20000000000005,,159.69999999999999
1974-07-01 00:00:00,1941.0,34.0,1015.0,36.0,720.10000000000002,,213.09999999999999
1974-08-01 00:00:00,1953.0,40.0,1100.0,39.0,713.79999999999995,,237.19999999999999
1974-09-01 00:00:00,1857.0,47.0,1127.0,43.0,621.10000000000002,,220.19999999999999
1974-10-01 00:00:00,2151.0,59.0,1217.0,44.0,686.89999999999998,,261.10000000000002
1974-11-01 00:00:00,1952.0,48.0,1123.0,32.0,524.5,,215.30000000000001
1974-12-01 00:00:00,1918.0,47.0,1091.0,32.0,589.60000000000002,,119.90000000000001
1975-01-01 00:00:00,2106.0,59.0,1114.0,36.0,646.20000000000005,,64.900000000000006
1975-02-01 00:00:00,1845.0,50.0,954.0,31.0,570.20000000000005,,47.100000000000001
1975-03-01 00:00:00,1891.0,57.0,976.0,35.0,616.60000000000002,,54.399999999999999
1975-04-01 00:00:00,1895.0,60.0,1100.0,34.0,688.29999999999995,,68.700000000000003
1975-05-01 00:00:00,1849.0,59.0,934.0,31.0,690.10000000000002,,81.900000000000006
1975-06-01 00:00:00,1849.0,63.0,889.0,31.0,683.10000000000002,,138.40000000000001
1975-07-01 00:00:00,1916.0,77.0,817.0,32.0,714.20000000000005,,193.19999999999999
1975-08-01 00:00:00,1961.0,73.0,794.0,32.0,680.5,,203.30000000000001
1975-09-01 00:00:00,2065.0,82.0,901.0,40.0,684.89999999999998,,229.0
1975-10-01 00:00:00,2270.0,95.0,936.0,38.0,739.79999999999995,,257.5
1975-11-01 00:00:00,1970.0,76.0,904.0,28.0,560.70000000000005,,220.19999999999999
1975-12-01 00:00:00,2055.0,76.0,996.0,32.0,691.39999999999998,,157.5
1976-01-01 00:00:00,2208.0,73.0,953.0,33.0,712.29999999999995,,76.299999999999997
1976-02-01 00:00:00,1966.0,62.0,850.0,29.0,632.29999999999995,,61.700000000000003
1976-03-01 00:00:00,2318.0,71.0,1093.0,33.0,771.89999999999998,,68.599999999999994
1976-04-01 00:00:00,2015.0,59.0,1003.0,32.0,742.5,,79.900000000000006
1976-05-01 00:00:00,1969.0,56.0,880.0,23.0,745.39999999999998,,106.5
1976-06-01 00:00:00,2161.0,63.0,899.0,27.0,825.89999999999998,,182.19999999999999
1976-07-01 00:00:00,2111.0,62.0,847.0,28.0,766.0,,213.90000000000001
1976-08-01 00:00:00,2233.0,67.0,1020.0,30.0,805.20000000000005,,243.80000000000001
1976-09-01 00:00:00,2274.0,75.0,1084.0,34.0,800.29999999999995,,252.80000000000001
1976-10-01 00:00:00,2203.0,75.0,1188.0,31.0,769.5,,256.60000000000002
1976-11-01 00:00:00,2096.0,72.0,1255.0,30.0,699.20000000000005,,261.5
1976-12-01 00:00:00,2113.0,77.0,1146.0,31.0,716.79999999999995,,146.5
1977-01-01 00:00:00,2116.0,68.0,1024.0,29.0,713.79999999999995,,70.5
1977-02-01 00:00:00,1981.0,63.0,1013.0,27.0,659.20000000000005,,58.700000000000003
1977-03-01 00:00:00,2190.0,70.0,1257.0,34.0,783.20000000000005,,80.299999999999997
1977-04-01 00:00:00,1985.0,59.0,1119.0,31.0,744.89999999999998,,78.900000000000006
1977-05-01 00:00:00,1991.0,61.0,1044.0,25.0,809.89999999999998,,110.0
1977-06-01 00:00:00,2182.0,66.0,1022.0,29.0,843.70000000000005,,176.5
1977-07-01 00:00:00,1970.0,62.0,869.0,25.0,745.5,,189.59999999999999
1977-08-01 00:00:00,2229.0,72.0,1074.0,29.0,870.39999999999998,,244.40000000000001
1977-09-01 00:00:00,2122.0,71.0,1130.0,30.0,808.20000000000005,,238.19999999999999
1977-10-01 00:00:00,2095.0,70.0,1151.0,29.0,775.5,,250.30000000000001
1977-11-01 00:00:00,2080.0,68.0,1241.0,27.0,719.79999999999995,,246.80000000000001
1977-12-01 00:00:00,2045.0,63.0,1108.0,25.0,753.20000000000005,,148.19999999999999
1978-01-01 00:00:00,2078.0,62.0,1051.0,25.0,781.39999999999998,,81.799999999999997
1978-02-01 00:00:00,1954.0,56.0,1013.0,23.0,715.70000000000005,,59.700000000000003
1978-03-01 00:00:00,2074.0,60.0,1179.0,28.0,830.0,,86.299999999999997
1978-04-01 00:00:00,1910.0,50.0,1093.0,25.0,769.10000000000002,,80.799999999999997
1978-05-01 00:00:00,2066.0,52.0,1125.0,26.0,902.60000000000002,,129.30000000000001
1978-06-01 00:00:00,1962.0,47.0,1047.0,25.0,874.89999999999998,,189.5
1978-07-01 00:00:00,1852.0,44.0,964.0,23.0,801.70000000000005,,199.90000000000001
1978-08-01 00:00:00,2097.0,50.0,1101.0,25.0,930.79999999999995,,248.90000000000001
1978-09-01 00:00:00,1974.0,45.0,1095.0,25.0,834.0,,230.90000000000001
1978-10-01 00:00:00,2103.0,48.0,1176.0,27.0,896.39999999999998,,271.19999999999999
1978-11-01 00:00:00,2038.0,45.0,1236.0,25.0,779.10000000000002,,248.90000000000001
1978-12-01 00:00:00,1901.0,40.0,1129.0,24.0,767.29999999999995,,156.30000000000001
1979-01-01 00:00:00,2070.0,41.0,1146.0,23.0,897.29999999999995,,99.299999999999997
1979-02-01 00:00:00,1700.0,35.0,1000.0,21.0,749.10000000000002,,77.200000000000003
1979-03-01 00:00:00,1777.0,38.0,1249.0,27.0,905.0,,95.0
1979-04-01 00:00:00,1585.0,33.0,1236.0,25.0,889.79999999999995,,112.3
1979-05-01 00:00:00,1765.0,33.0,1307.0,25.0,1013.5,,157.30000000000001
1979-06-01 00:00:00,1726.0,32.0,1211.0,21.0,940.70000000000005,,195.90000000000001
1979-07-01 00:00:00,1683.0,34.0,1220.0,22.0,965.29999999999995,,219.19999999999999
1979-08-01 00:00:00,1921.0,34.0,1351.0,23.0,1026.3,,267.69999999999999
1979-09-01 00:00:00,1618.0,31.0,1204.0,23.0,863.20000000000005,,233.0
1979-10-01 00:00:00,1972.0,37.0,1551.0,26.0,1038.0,,297.5
1979-11-01 00:00:00,1780.0,33.0,1470.0,23.0,820.10000000000002,,261.89999999999998
1979-12-01 00:00:00,1695.0,30.0,1326.0,23.0,807.20000000000005,,165.5
1980-01-01 00:00:00,1888.0,33.0,1450.0,27.0,962.0,,141.19999999999999
1980-02-01 00:00:00,1708.0,28.0,1288.0,25.0,872.70000000000005,,109.40000000000001
1980-03-01 00:00:00,1653.0,30.0,1388.0,28.0,920.0,,127.90000000000001
1980-04-01 00:00:00,1742.0,30.0,1516.0,28.0,1009.0,,143.0
1980-05-01 00:00:00,1784.0,29.0,1471.0,27.0,1006.7,,178.40000000000001
1980-06-01 00:00:00,1725.0,30.0,1312.0,22.0,976.20000000000005,,206.90000000000001
1980-07-01 00:00:00,1784.0,31.0,1232.0,23.0,936.29999999999995,,240.30000000000001
1980-08-01 00:00:00,1773.0,31.0,1189.0,23.0,913.79999999999995,,227.0
1980-09-01 00:00:00,1827.0,33.0,1335.0,26.0,941.79999999999995,,244.30000000000001
1980-10-01 00:00:00,2026.0,38.0,1485.0,29.0,997.20000000000005,,276.80000000000001
1980-11-01 00:00:00,1702.0,31.0,1339.0,24.0,796.10000000000002,,246.30000000000001
1980-12-01 00:00:00,1857.0,35.0,1428.0,28.0,940.39999999999998,,190.80000000000001
1981-01-01 00:00:00,1937.0,35.0,1416.0,29.0,974.60000000000002,,142.09999999999999
1981-02-01 00:00:00,1722.0,30.0,1235.0,26.0,864.20000000000005,,119.59999999999999
1981-03-01 00:00:00,1900.0,35.0,1425.0,29.0,1010.7,,136.40000000000001
1981-04-01 00:00:00,1813.0,32.0,1425.0,29.0,1027.0,,149.30000000000001
1981-05-01 00:00:00,1764.0,30.0,1254.0,24.0,1025.8,,178.30000000000001
1981-06-01 00:00:00,1861.0,32.0,1201.0,24.0,1042.8,,225.69999999999999
1981-07-01 00:00:00,1821.0,34.0,1162.0,24.0,1037.4000000000001,,250.40000000000001
1981-08-01 00:00:00,1828.0,33.0,1157.0,25.0,1003.8,,261.69999999999999
1981-09-01 00:00:00,1892.0,38.0,1287.0,30.0,1039.7,,273.10000000000002
1981-10-01 00:00:00,1971.0,40.0,1391.0,31.0,1033.7,,290.10000000000002
1981-11-01 00:00:00,1803.0,35.0,1319.0,27.0,872.60000000000002,,278.30000000000001
1981-12-01 00:00:00,1902.0,40.0,1445.0,30.0,973.5,,204.19999999999999
1982-01-01 00:00:00,1853.0,36.0,1229.0,29.0,933.79999999999995,,132.19999999999999
1982-02-01 00:00:00,1725.0,32.0,1114.0,28.0,902.20000000000005,,123.3
1982-03-01 00:00:00,1877.0,39.0,1350.0,33.0,1052.4000000000001,,154.90000000000001
1982-04-01 00:00:00,1763.0,33.0,1255.0,31.0,1018.0,,147.40000000000001
1982-05-01 00:00:00,1731.0,31.0,1125.0,26.0,1006.1,,164.30000000000001
1982-06-01 00:00:00,1869.0,35.0,1170.0,28.0,1085.2,,216.19999999999999
1982-07-01 00:00:00,1802.0,34.0,1040.0,27.0,1029.5,,228.30000000000001
1982-08-01 00:00:00,1941.0,35.0,1088.0,29.0,1057.2,,265.39999999999998
1982-09-01 00:00:00,1987.0,38.0,1112.0,32.0,1043.0999999999999,,267.69999999999999
1982-10-01 00:00:00,2020.0,37.0,1178.0,31.0,1010.4,,276.60000000000002
1982-11-01 00:00:00,1891.0,36.0,1257.0,31.0,929.79999999999995,,289.80000000000001
1982-12-01 00:00:00,1907.0,37.0,1203.0,31.0,971.29999999999995,,192.69999999999999
1983-01-01 00:00:00,1928.0,34.0,1159.0,30.0,1021.0,,144.09999999999999
1983-02-01 00:00:00,1707.0,32.0,1021.0,27.0,933.60000000000002,,135.5
1983-03-01 00:00:00,1892.0,37.0,1303.0,36.0,1106.2,,182.69999999999999
1983-04-01 00:00:00,1727.0,32.0,1262.0,30.0,1054.3,,166.5
1983-05-01 00:00:00,1859.0,32.0,1243.0,30.0,1096.3,,183.69999999999999
1983-06-01 00:00:00,1970.0,34.0,1266.0,29.0,1125.2,,231.30000000000001
1983-07-01 00:00:00,1807.0,33.0,1134.0,28.0,977.39999999999998,,224.80000000000001
1983-08-01 00:00:00,2118.0,39.0,1250.0,33.0,1113.0999999999999,,271.80000000000001
1983-09-01 00:00:00,2090.0,38.0,1273.0,33.0,1044.7,,263.69999999999999
1983-10-01 00:00:00,2062.0,41.0,1388.0,32.0,1038.4000000000001,,281.30000000000001
1983-11-01 00:00:00,1935.0,39.0,1468.0,29.0,937.20000000000005,,288.69999999999999
1983-12-01 00:00:00,1965.0,37.0,1350.0,30.0,941.60000000000002,,189.0
1984-01-01 00:00:00,1914.0,39.0,1235.0,31.0,1028.9000000000001,,138.09999999999999
1984-02-01 00:00:00,1859.0,36.0,1165.0,32.0,984.5,,139.0
1984-03-01 00:00:00,1937.0,40.0,1338.0,35.0,1069.0,,155.09999999999999
1984-04-01 00:00:00,1776.0,36.0,1233.0,34.0,1052.2,,163.09999999999999
1984-05-01 00:00:00,2060.0,39.0,1281.0,31.0,1184.4000000000001,,202.59999999999999
1984-06-01 00:00:00,1984.0,38.0,1156.0,27.0,1113.5,,223.59999999999999
1984-07-01 00:00:00,1936.0,40.0,1041.0,28.0,1102.7,,242.30000000000001
1984-08-01 00:00:00,2112.0,44.0,1175.0,31.0,1210.5,,279.60000000000002
1984-09-01 00:00:00,1904.0,39.0,1139.0,29.0,1026.0999999999999,,255.40000000000001
1984-10-01 00:00:00,2182.0,46.0,1411.0,33.0,1212.8,,320.80000000000001
1984-11-01 00:00:00,1924.0,43.0,1326.0,30.0,1018.7,,271.69999999999999
1984-12-01 00:00:00,1830.0,39.0,1220.0,30.0,995.39999999999998,,182.80000000000001
1985-01-01 00:00:00,2066.0,42.0,1281.0,32.0,1154.9000000000001,,157.69999999999999
1985-02-01 00:00:00,1768.0,37.0,1105.0,28.0,991.5,,148.0
1985-03-01 00:00:00,1858.0,40.0,1232.0,33.0,1082.5,,176.40000000000001
1985-04-01 00:00:00,1936.0,41.0,1289.0,30.0,1196.5999999999999,,177.30000000000001
1985-05-01 00:00:00,2089.0,42.0,1329.0,29.0,1221.5,,212.5
1985-06-01 00:00:00,1898.0,37.0,1125.0,24.0,1094.8,,238.5
1985-07-01 00:00:00,2059.0,43.0,1147.0,28.0,1203.3,,271.10000000000002
1985-08-01 00:00:00,2123.0,41.0,1210.0,29.0,1198.4000000000001,,295.19999999999999
1985-09-01 00:00:00,1985.0,42.0,1196.0,28.0,1081.9000000000001,,288.30000000000001
1985-10-01 00:00:00,2108.0,46.0,1358.0,33.0,1252.5,,341.5
1985-11-01 00:00:00,1812.0,42.0,1241.0,28.0,997.79999999999995,,282.5
1985-12-01 00:00:00,1855.0,46.0,1215.0,30.0,1094.0999999999999,,210.69999999999999
1986-01-01 00:00:00,2140.0,46.0,1266.0,31.0,1211.3,,187.5
1986-02-01 00:00:00,1769.0,40.0,1106.0,27.0,1087.0,,175.0
1986-03-01 00:00:00,1860.0,43.0,1198.0,32.0,1115.8,,193.59999999999999
1986-04-01 00:00:00,2110.0,45.0,1292.0,29.0,1249.5999999999999,,205.19999999999999
1986-05-01 00:00:00,2109.0,43.0,1211.0,25.0,1229.0999999999999,,236.40000000000001
1986-06-01 00:00:00,2027.0,41.0,1065.0,24.0,1194.5,,275.80000000000001
1986-07-01 00:00:00,2147.0,45.0,1063.0,26.0,1197.5,,307.60000000000002
1986-08-01 00:00:00,2076.0,41.0,1037.0,25.0,1181.0,,299.39999999999998
1986-09-01 00:00:00,2050.0,43.0,1137.0,30.0,1241.5999999999999,,331.39999999999998
1986-10-01 00:00:00,2146.0,44.0,1285.0,30.0,1255.7,,365.80000000000001
1986-11-01 00:00:00,1808.0,37.0,1117.0,24.0,1050.4000000000001,,307.10000000000002
1986-12-01 00:00:00,1971.0,41.0,1221.0,28.0,1252.2,,248.19999999999999
1987-01-01 00:00:00,2102.0,39.0,1244.0,25.0,1275.7,,215.40000000000001
1987-02-01 00:00:00,1745.0,35.0,1070.0,24.0,1160.7,,212.80000000000001
1987-03-01 00:00:00,1907.0,38.0,1226.0,27.0,1298.2,,241.90000000000001
1987-04-01 00:00:00,1928.0,34.0,1170.0,29.0,1274.5,,255.0
1987-05-01 00:00:00,1851.0,32.0,1071.0,22.0,1261.0,,274.10000000000002
1987-06-01 00:00:00,1958.0,35.0,1086.0,24.0,1371.5,,335.80000000000001
1987-07-01 00:00:00,2017.0,34.0,1082.0,25.0,1337.9000000000001,,358.80000000000001
1987-08-01 00:00:00,2007.0,30.0,1075.0,24.0,1257.0,,357.39999999999998
1987-09-01 00:00:00,2040.0,35.0,1227.0,28.0,1371.2,,383.89999999999998
1987-10-01 00:00:00,2098.0,36.0,1359.0,28.0,1383.5999999999999,,411.39999999999998
1987-11-01 00:00:00,1828.0,32.0,1312.0,25.0,1177.0999999999999,,373.5
1987-12-01 00:00:00,1924.0,36.0,1390.0,28.0,1336.8,,297.0
1988-01-01 00:00:00,1946.0,32.0,1244.0,24.0,1306.0999999999999,,255.69999999999999
1988-02-01 00:00:00,1829.0,32.0,1184.0,26.0,1289.7,,266.89999999999998
1988-03-01 00:00:00,1925.0,33.0,1362.0,35.0,1400.4000000000001,,314.0
1988-04-01 00:00:00,1841.0,28.0,1263.0,26.0,1313.5,,276.60000000000002
1988-05-01 00:00:00,1918.0,30.0,1231.0,27.0,1367.3,,331.30000000000001
1988-06-01 00:00:00,2025.0,34.0,1233.0,27.0,1398.0,,373.19999999999999
1988-07-01 00:00:00,1982.0,31.0,1133.0,24.0,1234.0999999999999,,322.39999999999998
1988-08-01 00:00:00,2162.0,35.0,1282.0,28.0,1421.9000000000001,,377.30000000000001
1988-09-01 00:00:00,2041.0,33.0,1360.0,28.0,1378.7,,365.80000000000001
1988-10-01 00:00:00,2007.0,34.0,1443.0,28.0,1379.0999999999999,,395.69999999999999
1988-11-01 00:00:00,1876.0,33.0,1463.0,27.0,1307.0999999999999,,371.69999999999999
1988-12-01 00:00:00,1872.0,32.0,1425.0,29.0,1328.4000000000001,,272.80000000000001
1989-01-01 00:00:00,1899.0,32.0,1307.0,27.0,1386.0,,254.09999999999999
1989-02-01 00:00:00,1744.0,28.0,1205.0,27.0,1270.0999999999999,,248.09999999999999
1989-03-01 00:00:00,1887.0,31.0,1373.0,34.0,1473.4000000000001,,301.30000000000001
1989-04-01 00:00:00,1756.0,27.0,1322.0,26.0,1335.8,,268.80000000000001
1989-05-01 00:00:00,1999.0,29.0,1341.0,28.0,1538.5,,356.89999999999998
1989-06-01 00:00:00,2022.0,29.0,1266.0,26.0,1514.5,,388.60000000000002
1989-07-01 00:00:00,1888.0,27.0,1108.0,25.0,1365.0,,360.39999999999998
1989-08-01 00:00:00,2092.0,29.0,1333.0,29.0,1604.2,,430.30000000000001
1989-09-01 00:00:00,1913.0,28.0,1349.0,27.0,1426.2,,385.69999999999999
1989-10-01 00:00:00,2041.0,31.0,1421.0,30.0,1497.0999999999999,,422.60000000000002
1989-11-01 00:00:00,1906.0,28.0,1446.0,31.0,1432.2,,423.10000000000002
1989-12-01 00:00:00,1827.0,25.0,1288.0,31.0,1491.0999999999999,,334.89999999999998
1990-01-01 00:00:00,1932.0,27.0,1363.0,32.0,1586.5999999999999,,334.0
1990-02-01 00:00:00,1706.0,24.0,1213.0,29.0,1368.0,,298.30000000000001
1990-03-01 00:00:00,1870.0,28.0,1329.0,32.0,1540.0999999999999,,351.10000000000002
1990-04-01 00:00:00,1748.0,22.0,1248.0,31.0,1489.3,,328.39999999999998
1990-05-01 00:00:00,2007.0,25.0,1257.0,31.0,1635.0999999999999,,384.10000000000002
1990-06-01 00:00:00,1981.0,25.0,1142.0,27.0,1535.7,,389.19999999999999
1990-07-01 00:00:00,1945.0,25.0,1103.0,27.0,1516.8,,395.69999999999999
1990-08-01 00:00:00,2063.0,28.0,1310.0,30.0,1688.8,,444.0
1990-09-01 00:00:00,1815.0,26.0,1228.0,27.0,1421.4000000000001,,382.89999999999998
1990-10-01 00:00:00,2044.0,31.0,1392.0,32.0,1768.5999999999999,,478.39999999999998
1990-11-01 00:00:00,1842.0,28.0,1373.0,30.0,1566.9000000000001,,446.19999999999999
1990-12-01 00:00:00,1681.0,27.0,1342.0,30.0,1437.0,,328.60000000000002
1991-01-01 00:00:00,1970.0,31.0,1396.0,33.0,1664.4000000000001,,365.60000000000002
1991-02-01 00:00:00,1695.0,25.0,1204.0,30.0,1485.5,,322.0
1991-03-01 00:00:00,1720.0,25.0,1300.0,36.0,1530.9000000000001,,329.69999999999999
1991-04-01 00:00:00,1872.0,23.0,1361.0,29.0,1701.7,,375.80000000000001
1991-05-01 00:00:00,1947.0,23.0,1291.0,30.0,1743.9000000000001,,398.19999999999999
1991-06-01 00:00:00,1874.0,20.0,1140.0,25.0,1579.0999999999999,,380.69999999999999
1991-07-01 00:00:00,1996.0,22.0,1207.0,28.0,1721.3,,402.19999999999999
1991-08-01 00:00:00,2077.0,22.0,1299.0,27.0,1746.8,,421.80000000000001
1991-09-01 00:00:00,1940.0,24.0,1316.0,28.0,1590.8,,404.80000000000001
1991-10-01 00:00:00,2114.0,28.0,1534.0,32.0,1833.9000000000001,,482.0
1991-11-01 00:00:00,1813.0,26.0,1456.0,29.0,1513.4000000000001,,419.19999999999999
1991-12-01 00:00:00,1782.0,27.0,1444.0,31.0,1615.9000000000001,,349.89999999999998
1992-01-01 00:00:00,2039.0,28.0,1525.0,31.0,1782.9000000000001,,362.89999999999998
1992-02-01 00:00:00,1708.0,25.0,1329.0,28.0,1580.7,,331.69999999999999
1992-03-01 00:00:00,1850.0,27.0,1467.0,32.0,1760.5999999999999,,361.30000000000001
1992-04-01 00:00:00,1787.0,25.0,1414.0,33.0,1729.7,,385.19999999999999
1992-05-01 00:00:00,1900.0,25.0,1287.0,25.0,1740.3,,374.19999999999999
1992-06-01 00:00:00,2039.0,25.0,1332.0,27.0,1824.7,,435.0
1992-07-01 00:00:00,2015.0,24.0,1375.0,27.0,1819.9000000000001,,451.80000000000001
1992-08-01 00:00:00,1980.0,24.0,1378.0,25.0,1763.3,,411.89999999999998
1992-09-01 00:00:00,1996.0,23.0,1511.0,30.0,1803.5,,431.30000000000001
1992-10-01 00:00:00,2015.0,24.0,1588.0,29.0,1834.0,,467.60000000000002
1992-11-01 00:00:00,1784.0,23.0,1455.0,27.0,1595.0,,423.0
1992-12-01 00:00:00,1855.0,26.0,1524.0,29.0,1817.8,,393.10000000000002
1993-01-01 00:00:00,1822.0,22.0,1435.0,25.0,1802.8,,354.10000000000002
1993-02-01 00:00:00,1677.0,21.0,1289.0,25.0,1659.5999999999999,,322.69999999999999
1993-03-01 00:00:00,1858.0,26.0,1480.0,32.0,1897.0999999999999,,382.89999999999998
1993-04-01 00:00:00,1782.0,22.0,1465.0,30.0,1867.2,,391.89999999999998
1993-05-01 00:00:00,1857.0,19.0,1309.0,27.0,1790.4000000000001,,378.69999999999999
1993-06-01 00:00:00,2051.0,22.0,1377.0,31.0,1979.4000000000001,,446.69999999999999
1993-07-01 00:00:00,1984.0,21.0,1311.0,26.0,1801.8,,419.30000000000001
1993-08-01 00:00:00,2065.0,23.0,1389.0,27.0,1905.3,,426.89999999999998
1993-09-01 00:00:00,2027.0,22.0,1440.0,27.0,1914.9000000000001,,436.0
1993-10-01 00:00:00,1980.0,22.0,1472.0,25.0,1872.0,,451.39999999999998
1993-11-01 00:00:00,1891.0,23.0,1509.0,26.0,1810.2,,461.80000000000001
1993-12-01 00:00:00,1948.0,24.0,1554.0,28.0,1877.4000000000001,,375.30000000000001
1994-01-01 00:00:00,1942.0,23.0,1376.0,25.0,1887.0,,347.80000000000001
1994-02-01 00:00:00,1802.0,22.0,1275.0,27.0,1751.5999999999999,,342.0
1994-03-01 00:00:00,2001.0,26.0,1530.0,34.0,2028.0,,400.89999999999998
1994-04-01 00:00:00,1901.0,22.0,1432.0,27.0,1924.3,,380.60000000000002
1994-05-01 00:00:00,1985.0,22.0,1396.0,28.0,1986.5,,415.60000000000002
1994-06-01 00:00:00,2156.0,24.0,1411.0,24.0,2073.3000000000002,,457.89999999999998
1994-07-01 00:00:00,2027.0,21.0,1294.0,19.0,1881.5,,405.60000000000002
1994-08-01 00:00:00,2215.0,24.0,1493.0,24.0,2206.1999999999998,,483.60000000000002
1994-09-01 00:00:00,2135.0,23.0,1539.0,23.0,2079.0999999999999,,447.69999999999999
1994-10-01 00:00:00,2116.0,25.0,1631.0,23.0,2062.9000000000001,,459.10000000000002
1994-11-01 00:00:00,1978.0,25.0,1639.0,24.0,1986.4000000000001,,453.89999999999998
1994-12-01 00:00:00,2020.0,26.0,1642.0,26.0,1979.2,,397.5
1995-01-01 00:00:00,2010.0,27.0,1500.0,24.0,2059.4000000000001,,389.10000000000002
1995-02-01 00:00:00,1811.0,24.0,1354.0,24.0,1890.4000000000001,,371.19999999999999
1995-03-01 00:00:00,2067.0,27.0,1634.0,30.0,2196.6999999999998,,435.80000000000001
1995-04-01 00:00:00,1854.0,22.0,1404.0,27.0,1912.5999999999999,,371.89999999999998
1995-05-01 00:00:00,2186.0,26.0,1525.0,23.0,2211.5999999999999,,443.39999999999998
1995-06-01 00:00:00,2285.0,26.0,1464.0,22.0,2232.0,,482.10000000000002
1995-07-01 00:00:00,2089.0,24.0,1299.0,19.0,1944.9000000000001,,413.10000000000002
1995-08-01 00:00:00,2316.0,26.0,1504.0,23.0,2181.0,,451.69999999999999
1995-09-01 00:00:00,2220.0,26.0,1438.0,21.0,2055.9000000000001,,424.0
1995-10-01 00:00:00,2181.0,27.0,1574.0,22.0,2234.8000000000002,,483.0
1995-11-01 00:00:00,2098.0,27.0,1608.0,23.0,2082.9000000000001,,466.69999999999999
1995-12-01 00:00:00,1998.0,26.0,1507.0,23.0,2018.5,,396.80000000000001
1996-01-01 00:00:00,2220.0,30.0,1550.0,23.0,2286.5,,415.80000000000001
1996-02-01 00:00:00,2048.0,30.0,1417.0,24.0,2168.4000000000001,,429.39999999999998
1996-03-01 00:00:00,2035.0,30.0,1422.0,27.0,2155.1999999999998,,424.69999999999999
1996-04-01 00:00:00,2154.0,28.0,1485.0,25.0,2201.6999999999998,,436.60000000000002
1996-05-01 00:00:00,2302.0,30.0,1413.0,21.0,2299.4000000000001,,485.19999999999999
1996-06-01 00:00:00,2186.0,29.0,1206.0,18.0,2069.8000000000002,,456.10000000000002
1996-07-01 00:00:00,2194.0,32.0,1340.0,20.0,2233.3000000000002,,489.0
1996-08-01 00:00:00,2262.0,32.0,1395.0,20.0,2277.8000000000002,,481.60000000000002
1996-09-01 00:00:00,1934.0,31.0,1408.0,20.0,2117.0,,444.39999999999998
1996-10-01 00:00:00,2179.0,34.0,1591.0,23.0,2414.3000000000002,,523.39999999999998
1996-11-01 00:00:00,1955.0,30.0,1429.0,21.0,2013.2,,468.39999999999998
1996-12-01 00:00:00,1950.0,31.0,1429.0,22.0,2099.8000000000002,,410.89999999999998
1997-01-01 00:00:00,2222.0,31.0,1461.0,20.0,2370.1999999999998,,442.10000000000002
1997-02-01 00:00:00,1919.0,27.0,1309.0,21.0,2097.8000000000002,,391.69999999999999
1997-03-01 00:00:00,1966.0,28.0,1422.0,26.0,2170.5999999999999,,401.89999999999998
1997-04-01 00:00:00,2095.0,28.0,1446.0,22.0,2353.9000000000001,,452.19999999999999
1997-05-01 00:00:00,2189.0,26.0,1332.0,22.0,2343.8000000000002,,468.5
1997-06-01 00:00:00,2132.0,26.0,1312.0,21.0,2239.6999999999998,,483.30000000000001
1997-07-01 00:00:00,2256.0,27.0,1354.0,20.0,2307.3000000000002,,491.80000000000001
1997-08-01 00:00:00,2221.0,25.0,1352.0,19.0,2272.4000000000001,,456.30000000000001
1997-09-01 00:00:00,2126.0,28.0,1490.0,21.0,2283.9000000000001,,462.60000000000002
1997-10-01 00:00:00,2300.0,28.0,1652.0,22.0,2500.0,,513.70000000000005
1997-11-01 00:00:00,1934.0,24.0,1473.0,20.0,2025.5,,453.5
1997-12-01 00:00:00,2024.0,26.0,1641.0,23.0,2305.5999999999999,,460.39999999999998
1998-01-01 00:00:00,2157.0,24.0,1634.0,21.0,2368.5,,433.69999999999999
1998-02-01 00:00:00,1977.0,21.0,1457.0,21.0,2144.9000000000001,,410.89999999999998
1998-03-01 00:00:00,2081.0,23.0,1596.0,26.0,2332.5999999999999,,440.89999999999998
1998-04-01 00:00:00,2090.0,20.0,1566.0,25.0,2383.1999999999998,,446.89999999999998
1998-05-01 00:00:00,2123.0,19.0,1419.0,19.0,2259.5999999999999,,421.19999999999999
1998-06-01 00:00:00,2248.0,20.0,1444.0,20.0,2347.3000000000002,,457.89999999999998
1998-07-01 00:00:00,2213.0,21.0,1529.0,18.0,2354.0999999999999,,459.30000000000001
1998-08-01 00:00:00,2228.0,20.0,1505.0,17.0,2265.6999999999998,,413.19999999999999
1998-09-01 00:00:00,2197.0,22.0,1591.0,19.0,2322.0999999999999,,429.5
1998-10-01 00:00:00,2236.0,21.0,1757.0,20.0,2496.9000000000001,,474.30000000000001
1998-11-01 00:00:00,2003.0,19.0,1683.0,19.0,2192.4000000000001,,461.60000000000002
1998-12-01 00:00:00,2100.0,22.0,1799.0,23.0,2395.3000000000002,,431.10000000000002
1999-01-01 00:00:00,2170.0,18.0,1628.0,18.0,2425.6999999999998,,410.89999999999998
1999-02-01 00:00:00,1998.0,17.0,1501.0,20.0,2263.8000000000002,,363.80000000000001
1999-03-01 00:00:00,2231.0,20.0,1737.0,29.0,2607.4000000000001,,431.69999999999999
1999-04-01 00:00:00,2155.0,18.0,1629.0,21.0,2528.0999999999999,,439.30000000000001
1999-05-01 00:00:00,2151.0,17.0,1417.0,18.0,2476.0,,440.80000000000001
1999-06-01 00:00:00,2321.0,19.0,1584.0,17.0,2587.6999999999998,,455.60000000000002
1999-07-01 00:00:00,2256.0,19.0,1489.0,17.0,2471.4000000000001,,438.19999999999999
1999-08-01 00:00:00,2307.0,20.0,1565.0,19.0,2516.4000000000001,,468.80000000000001
1999-09-01 00:00:00,2275.0,20.0,1618.0,19.0,2497.9000000000001,,454.89999999999998
1999-10-01 00:00:00,2265.0,19.0,1698.0,20.0,2481.0,,472.60000000000002
1999-11-01 00:00:00,2144.0,19.0,1707.0,22.0,2420.0999999999999,,490.0
1999-12-01 00:00:00,2113.0,20.0,1705.0,24.0,2466.0,,430.0
2000-01-01 00:00:00,2178.0,17.0,1572.0,19.0,2427.5999999999999,,399.89999999999998
2000-02-01 00:00:00,2175.0,18.0,1558.0,20.0,2487.9000000000001,,414.89999999999998
2000-03-01 00:00:00,2300.0,20.0,1704.0,24.0,2687.9000000000001,,469.69999999999999
2000-04-01 00:00:00,2027.0,17.0,1398.0,23.0,2340.4000000000001,,416.5
2000-05-01 00:00:00,2303.0,19.0,1542.0,17.0,2741.6999999999998,,492.30000000000001
2000-06-01 00:00:00,2369.0,18.0,1538.0,17.0,2672.1999999999998,,483.39999999999998
2000-07-01 00:00:00,2202.0,18.0,1409.0,16.0,2417.6999999999998,,425.89999999999998
2000-08-01 00:00:00,2437.0,17.0,1643.0,18.0,2754.4000000000001,,486.60000000000002
2000-09-01 00:00:00,2275.0,17.0,1554.0,17.0,2421.8000000000002,,427.80000000000001
2000-10-01 00:00:00,2345.0,18.0,1717.0,18.0,2632.5,,499.60000000000002
2000-11-01 00:00:00,2169.0,18.0,1714.0,20.0,2553.3000000000002,,482.30000000000001
2000-12-01 00:00:00,1997.0,18.0,1579.0,21.0,2357.6999999999998,,403.39999999999998
2001-01-01 00:00:00,2205.0,18.0,1693.0,19.0,2622.1999999999998,42.700000000000003,461.19999999999999
2001-02-01 00:00:00,1881.0,16.0,1486.0,17.0,2322.1999999999998,39.700000000000003,409.30000000000001
2001-03-01 00:00:00,2096.0,16.0,1626.0,23.0,2588.5999999999999,44.399999999999999,462.0
2001-04-01 00:00:00,1939.0,15.0,1533.0,20.0,2515.6999999999998,42.200000000000003,428.80000000000001
2001-05-01 00:00:00,2294.0,16.0,1555.0,17.0,2835.5999999999999,45.600000000000001,488.30000000000001
2001-06-01 00:00:00,2269.0,16.0,1458.0,16.0,2636.5999999999999,44.0,463.89999999999998
2001-07-01 00:00:00,2177.0,16.0,1435.0,17.0,2592.8000000000002,42.5,470.10000000000002
2001-08-01 00:00:00,2425.0,17.0,1600.0,19.0,2850.6999999999998,46.600000000000001,494.89999999999998
2001-09-01 00:00:00,2121.0,15.0,1513.0,16.0,2438.6999999999998,40.899999999999999,429.10000000000002
2001-10-01 00:00:00,2389.0,18.0,1838.0,20.0,2897.1999999999998,47.0,541.29999999999995
2001-11-01 00:00:00,2201.0,16.0,1733.0,20.0,2500.6999999999998,39.399999999999999,493.0
2001-12-01 00:00:00,2110.0,16.0,1668.0,19.0,2464.8000000000002,40.899999999999999,419.80000000000001
2002-01-01 00:00:00,2331.0,16.899999999999999,1717.0,17.699999999999999,2779.9000000000001,48.0,482.69999999999999
2002-02-01 00:00:00,1987.0,14.300000000000001,1482.0,17.800000000000001,2453.5999999999999,40.799999999999997,448.19999999999999
2002-03-01 00:00:00,2059.0,15.0,1581.0,22.199999999999999,2585.0999999999999,42.799999999999997,447.19999999999999
2002-04-01 00:00:00,2195.0,16.100000000000001,1672.0,19.100000000000001,2751.8000000000002,47.299999999999997,491.30000000000001
2002-05-01 00:00:00,2336.0,15.5,1646.0,19.5,2894.9000000000001,46.5,496.80000000000001
2002-06-01 00:00:00,2302.0,14.6,1479.0,15.1,2587.0999999999999,44.0,452.89999999999998
2002-07-01 00:00:00,2427.0,16.699999999999999,1557.0,16.300000000000001,2826.5,48.299999999999997,485.60000000000002
2002-08-01 00:00:00,2469.0,16.699999999999999,1637.0,16.600000000000001,2828.3000000000002,49.200000000000003,481.89999999999998
2002-09-01 00:00:00,2201.0,16.300000000000001,1638.0,17.600000000000001,2596.4000000000001,46.399999999999999,444.60000000000002
2002-10-01 00:00:00,2512.0,18.699999999999999,1831.0,19.699999999999999,2953.3000000000002,50.700000000000003,525.89999999999998
2002-11-01 00:00:00,2164.0,16.899999999999999,1709.0,17.800000000000001,2455.5,40.899999999999999,492.30000000000001
2002-12-01 00:00:00,2107.0,18.0,1715.0,18.5,2527.4000000000001,42.200000000000003,463.39999999999998
2003-01-01 00:00:00,2291.0,17.800000000000001,1752.0,16.0,2774.5999999999999,45.200000000000003,479.80000000000001
2003-02-01 00:00:00,1942.0,15.800000000000001,1523.0,15.1,2419.5,39.5,431.39999999999998
2003-03-01 00:00:00,2048.0,16.5,1623.0,18.100000000000001,2592.4000000000001,41.100000000000001,468.5
2003-04-01 00:00:00,2151.0,16.0,1659.0,19.5,2733.5999999999999,43.5,474.39999999999998
2003-05-01 00:00:00,2360.0,15.800000000000001,1551.0,15.199999999999999,2781.1999999999998,44.0,481.69999999999999
2003-06-01 00:00:00,2391.0,15.0,1531.0,15.199999999999999,2759.8000000000002,44.5,482.5
2003-07-01 00:00:00,2439.0,14.800000000000001,1580.0,15.699999999999999,2888.0999999999999,46.5,493.5
2003-08-01 00:00:00,2328.0,14.1,1559.0,15.699999999999999,2742.3000000000002,41.399999999999999,455.60000000000002
2003-09-01 00:00:00,2314.0,15.300000000000001,1668.0,16.899999999999999,2817.1999999999998,40.200000000000003,459.60000000000002
2003-10-01 00:00:00,2212.0,16.300000000000001,1912.0,17.899999999999999,3052.8000000000002,43.700000000000003,528.39999999999998
2003-11-01 00:00:00,1783.0,15.199999999999999,1718.0,16.300000000000001,2423.9000000000001,33.899999999999999,455.5
2003-12-01 00:00:00,1978.0,19.0,1869.0,18.0,2763.5999999999999,39.100000000000001,439.39999999999998
2004-01-01 00:00:00,1926.0,16.0,1758.0,15.5,2823.5999999999999,39.200000000000003,440.0
2004-02-01 00:00:00,1804.0,14.5,1571.0,14.800000000000001,2467.8000000000002,32.299999999999997,398.0
2004-03-01 00:00:00,2108.0,14.1,1801.0,22.199999999999999,2903.1999999999998,45.100000000000001,470.89999999999998
2004-04-01 00:00:00,1956.0,13.9,1725.0,17.5,2814.1999999999998,42.200000000000003,449.19999999999999
2004-05-01 00:00:00,2070.0,13.699999999999999,1500.0,13.1,2771.4000000000001,39.200000000000003,449.10000000000002
2004-06-01 00:00:00,2227.0,13.300000000000001,1672.0,15.6,2906.4000000000001,43.700000000000003,467.5
2004-07-01 00:00:00,2104.0,13.300000000000001,1576.0,14.199999999999999,2875.8000000000002,43.5,462.0
2004-08-01 00:00:00,2151.0,14.0,1699.0,15.199999999999999,2989.5,45.700000000000003,469.60000000000002
2004-09-01 00:00:00,2105.0,12.9,1772.0,16.300000000000001,2974.0999999999999,46.5,458.5
2004-10-01 00:00:00,2114.0,12.4,1779.0,16.300000000000001,2903.5999999999999,43.700000000000003,466.19999999999999
2004-11-01 00:00:00,1941.0,13.800000000000001,1799.0,16.5,2479.3000000000002,40.600000000000001,483.19999999999999
2004-12-01 00:00:00,2042.0,14.9,1857.0,17.0,2836.9000000000001,42.5,440.0
2005-01-01 00:00:00,1915.5999999999999,13.300000000000001,1704.8,14.5,2884.0999999999999,38.700000000000003,455.30000000000001
2005-02-01 00:00:00,1767.4000000000001,12.0,1629.2,15.1,2667.9000000000001,38.799999999999997,409.19999999999999
2005-03-01 00:00:00,2041.7,13.300000000000001,1803.7,19.5,3036.4000000000001,46.5,463.10000000000002
2005-04-01 00:00:00,1887.8,13.0,1703.4000000000001,15.5,2855.4000000000001,44.399999999999999,446.0
2005-05-01 00:00:00,2074.0,13.199999999999999,1611.4000000000001,14.800000000000001,3023.1999999999998,45.100000000000001,461.0
2005-06-01 00:00:00,2227.0,13.199999999999999,1706.5,15.300000000000001,3055.4000000000001,48.100000000000001,490.0
2005-07-01 00:00:00,2082.8000000000002,12.4,1505.0,13.4,2814.3000000000002,42.0,432.0
2005-08-01 00:00:00,2319.0,13.699999999999999,1752.3,15.4,3113.3000000000002,47.200000000000003,488.39999999999998
2005-09-01 00:00:00,2158.0,13.199999999999999,1743.0,15.6,3011.0999999999999,42.200000000000003,454.5
2005-10-01 00:00:00,2080.6999999999998,12.6,1816.2,15.800000000000001,3044.6999999999998,41.600000000000001,484.30000000000001
2005-11-01 00:00:00,2071.3000000000002,12.4,1843.2,15.800000000000001,2942.1999999999998,40.200000000000003,482.80000000000001
2005-12-01 00:00:00,2057.3000000000002,13.5,1866.3,16.5,2916.8000000000002,41.600000000000001,437.69999999999999
2006-01-01 00:00:00,2051.0,11.800000000000001,1820.5,16.300000000000001,3001.5999999999999,43.100000000000001,447.89999999999998
2006-02-01 00:00:00,1826.9000000000001,11.300000000000001,1637.0,14.699999999999999,2713.9000000000001,37.299999999999997,412.5
2006-03-01 00:00:00,2203.6999999999998,12.699999999999999,1877.5,18.300000000000001,3098.5,45.299999999999997,490.5
2006-04-01 00:00:00,1969.2,10.4,1618.3,16.899999999999999,2774.4000000000001,40.5,432.60000000000002
2006-05-01 00:00:00,2309.0,12.699999999999999,1726.0,16.100000000000001,3158.5999999999999,45.399999999999999,493.80000000000001
2006-06-01 00:00:00,2446.0999999999999,12.4,1663.3,14.4,3046.9000000000001,46.299999999999997,509.0
2006-07-01 00:00:00,2213.5999999999999,11.199999999999999,1552.5999999999999,13.199999999999999,2836.0,39.200000000000003,456.89999999999998
2006-08-01 00:00:00,2450.0,12.800000000000001,1780.2,14.6,3133.9000000000001,46.299999999999997,501.0
2006-09-01 00:00:00,2169.9000000000001,12.1,1753.7,14.300000000000001,2900.5999999999999,39.700000000000003,461.39999999999998
2006-10-01 00:00:00,2236.4000000000001,13.199999999999999,1932.0,15.699999999999999,3185.0999999999999,44.0,540.89999999999998
2006-11-01 00:00:00,2226.5999999999999,12.9,1896.4000000000001,15.4,2912.3000000000002,40.600000000000001,506.0
2006-12-01 00:00:00,2049.5999999999999,13.1,1796.4000000000001,15.4,2737.8000000000002,36.899999999999999,429.10000000000002
2007-01-01 00:00:00,2166.0,14.300000000000001,1898.5,15.0,3029.8000000000002,39.5,482.39999999999998
2007-02-01 00:00:00,1952.5,12.1,1636.3,14.4,2667.9000000000001,36.299999999999997,445.30000000000001
2007-03-01 00:00:00,2118.1999999999998,13.5,1861.0,19.600000000000001,2927.8000000000002,39.5,481.89999999999998
2007-04-01 00:00:00,2015.0,11.9,1711.5,15.0,2885.4000000000001,38.600000000000001,463.10000000000002
2007-05-01 00:00:00,2285.0999999999999,12.300000000000001,1762.5999999999999,15.5,3171.8000000000002,44.799999999999997,511.19999999999999
2007-06-01 00:00:00,2348.5,11.199999999999999,1654.0999999999999,13.699999999999999,3027.0,45.0,507.19999999999999
2007-07-01 00:00:00,2256.6999999999998,10.699999999999999,1659.5,13.5,3055.0,44.600000000000001,505.19999999999999
2007-08-01 00:00:00,2450.5999999999999,10.300000000000001,1850.0,14.800000000000001,3181.1999999999998,47.399999999999999,522.20000000000005
2007-09-01 00:00:00,2094.6999999999998,9.4000000000000004,1746.0,13.6,2894.6999999999998,35.799999999999997,460.19999999999999
2007-10-01 00:00:00,2443.0,11.1,2145.0999999999999,16.399999999999999,3383.8000000000002,47.600000000000001,585.10000000000002
2007-11-01 00:00:00,2228.8000000000002,10.1,2045.2,16.100000000000001,3033.1999999999998,41.0,526.0
2007-12-01 00:00:00,2061.4000000000001,10.4,1972.7,15.4,2901.4000000000001,38.100000000000001,460.80000000000001
2008-01-01 00:00:00,2232.6999999999998,11.300000000000001,2159.0,14.699999999999999,3237.1999999999998,45.700000000000003,546.39999999999998
2008-02-01 00:00:00,2038.5999999999999,11.0,1902.7,15.0,2926.5,43.700000000000003,502.80000000000001
2008-03-01 00:00:00,2100.5,11.300000000000001,1962.0,16.0,2981.5999999999999,45.100000000000001,487.0
2008-04-01 00:00:00,2255.4000000000001,11.9,2015.5999999999999,15.300000000000001,3196.5999999999999,48.0,519.20000000000005
2008-05-01 00:00:00,2380.0999999999999,11.5,1815.5,15.0,3165.4000000000001,50.0,518.89999999999998
2008-06-01 00:00:00,2263.4000000000001,11.699999999999999,1761.8,13.1,3077.3000000000002,49.799999999999997,522.0
2008-07-01 00:00:00,2371.5999999999999,12.300000000000001,1852.5,13.699999999999999,3226.6999999999998,51.100000000000001,546.0
2008-08-01 00:00:00,2266.8000000000002,11.199999999999999,1803.9000000000001,13.300000000000001,3080.5,47.899999999999999,506.89999999999998
2008-09-01 00:00:00,2269.9000000000001,12.800000000000001,1975.8,14.5,3149.6999999999998,49.0,515.39999999999998
2008-10-01 00:00:00,2340.9000000000001,13.5,2159.9000000000001,15.0,3270.5999999999999,50.600000000000001,581.79999999999995
2008-11-01 00:00:00,1959.3,11.300000000000001,1886.0999999999999,12.800000000000001,2662.6999999999998,38.600000000000001,508.5
2008-12-01 00:00:00,2082.0,13.300000000000001,2052.0999999999999,15.4,2931.5,39.799999999999997,492.10000000000002
2009-01-01 00:00:00,2117.9000000000001,12.0,2027.0,13.300000000000001,2871.5999999999999,38.299999999999997,469.19999999999999
2009-02-01 00:00:00,1986.0,11.0,1817.3,12.699999999999999,2704.3000000000002,37.100000000000001,444.10000000000002
2009-03-01 00:00:00,2144.0,12.199999999999999,1969.7,15.9,2997.0,42.5,471.39999999999998
2009-04-01 00:00:00,2133.4000000000001,11.199999999999999,1925.0,15.5,2997.6999999999998,43.799999999999997,475.0
2009-05-01 00:00:00,2179.4000000000001,10.300000000000001,1716.8,13.0,2890.4000000000001,40.600000000000001,451.0
2009-06-01 00:00:00,2289.0,11.5,1847.7,13.800000000000001,3050.5999999999999,45.100000000000001,493.69999999999999
2009-07-01 00:00:00,2271.1999999999998,10.9,1828.5,13.9,3095.5,47.700000000000003,485.60000000000002
2009-08-01 00:00:00,2184.1999999999998,10.6,1868.9000000000001,13.300000000000001,3012.0999999999999,44.799999999999997,463.39999999999998
2009-09-01 00:00:00,2234.0999999999999,11.699999999999999,2002.0999999999999,14.800000000000001,3064.3000000000002,43.100000000000001,467.89999999999998
2009-10-01 00:00:00,2275.6999999999998,12.199999999999999,2089.0,14.300000000000001,3071.9000000000001,44.600000000000001,508.30000000000001
2009-11-01 00:00:00,2016.0999999999999,11.699999999999999,1921.7,14.300000000000001,2788.8000000000002,34.100000000000001,477.5
2009-12-01 00:00:00,2134.4000000000001,13.1,1985.3,15.9,2966.1999999999998,38.399999999999999,456.30000000000001
2010-01-01 00:00:00,2081.8000000000002,11.6,1809.7,12.800000000000001,2831.1999999999998,37.799999999999997,424.19999999999999
2010-02-01 00:00:00,1955.2,10.699999999999999,1757.5,12.4,2739.5,34.700000000000003,425.39999999999998
2010-03-01 00:00:00,2211.1999999999998,12.199999999999999,2040.0999999999999,17.699999999999999,3162.0,43.399999999999999,490.0
2010-04-01 00:00:00,2139.1999999999998,11.1,1849.0999999999999,12.9,3038.3000000000002,40.700000000000003,455.10000000000002
2010-05-01 00:00:00,2087.1999999999998,10.1,1621.3,12.6,3020.0,40.200000000000003,438.80000000000001
2010-06-01 00:00:00,2320.0,10.699999999999999,1831.7,14.1,3139.6999999999998,43.700000000000003,489.5
2010-07-01 00:00:00,2229.5999999999999,10.9,1702.2,12.800000000000001,3057.6999999999998,44.899999999999999,466.89999999999998
2010-08-01 00:00:00,2286.5999999999999,11.199999999999999,1815.3,12.800000000000001,3200.0,47.5,481.10000000000002
2010-09-01 00:00:00,2252.1999999999998,11.300000000000001,1883.5,13.1,3238.3000000000002,45.600000000000001,467.10000000000002
2010-10-01 00:00:00,2234.9000000000001,11.4,2002.7,13.1,3183.6999999999998,41.0,524.29999999999995
2010-11-01 00:00:00,2235.5,11.300000000000001,2068.0,14.4,3124.4000000000001,40.299999999999997,520.5
2010-12-01 00:00:00,2270.9000000000001,11.699999999999999,2055.4000000000001,14.9,3175.0,44.100000000000001,461.39999999999998
2011-01-01 00:00:00,2122.9000000000001,10.800000000000001,1896.2,11.199999999999999,3127.5,39.799999999999997,463.0
2011-02-01 00:00:00,2020.4000000000001,10.5,1768.0999999999999,10.9,2852.4000000000001,37.399999999999999,435.60000000000002
2011-03-01 00:00:00,2266.1999999999998,12.1,2054.4000000000001,14.1,3310.4000000000001,44.100000000000001,503.10000000000002
2011-04-01 00:00:00,2052.5,10.199999999999999,1790.7,14.4,2973.5,40.299999999999997,455.60000000000002
2011-05-01 00:00:00,2131.9000000000001,10.300000000000001,1759.7,12.9,3251.0999999999999,42.899999999999999,496.39999999999998
2011-06-01 00:00:00,2375.0,11.199999999999999,1820.0,12.6,3284.5999999999999,49.299999999999997,519.29999999999995
2011-07-01 00:00:00,2134.0999999999999,10.1,1637.0999999999999,10.9,3030.9000000000001,46.200000000000003,448.10000000000002
2011-08-01 00:00:00,2386.9000000000001,11.4,1892.0999999999999,13.1,3330.3000000000002,49.899999999999999,501.30000000000001
2011-09-01 00:00:00,2215.1999999999998,10.699999999999999,1954.4000000000001,11.800000000000001,3180.4000000000001,47.0,473.19999999999999
2011-10-01 00:00:00,2215.0999999999999,10.6,2033.2,11.699999999999999,3096.8000000000002,43.399999999999999,524.5
2011-11-01 00:00:00,2148.8000000000002,10.800000000000001,2086.6999999999998,12.6,2907.0999999999999,39.799999999999997,511.39999999999998
2011-12-01 00:00:00,2126.3000000000002,10.800000000000001,2065.5999999999999,12.5,2855.8000000000002,41.399999999999999,458.89999999999998
2012-01-01 00:00:00,2113.8000000000002,10.4,1987.0,12.1,3091.8000000000002,43.200000000000003,476.69999999999999
2012-02-01 00:00:00,2009.0,9.8000000000000007,1882.9000000000001,12.300000000000001,2954.0,38.799999999999997,466.80000000000001
2012-03-01 00:00:00,2159.8000000000002,10.0,1987.9000000000001,14.199999999999999,3043.6999999999998,40.100000000000001,502.10000000000002
2012-04-01 00:00:00,1990.5999999999999,9.9000000000000004,1841.7,12.9,2993.8000000000002,41.600000000000001,478.0
2012-05-01 00:00:00,2232.0,10.4,1926.8,13.6,3278.0,47.700000000000003,519.89999999999998
2012-06-01 00:00:00,2252.0999999999999,8.9000000000000004,1750.4000000000001,12.4,3105.3000000000002,49.200000000000003,506.60000000000002
2012-07-01 00:00:00,2200.8000000000002,9.5,1721.8,12.5,3127.0,43.399999999999999,497.19999999999999
2012-08-01 00:00:00,2367.5,10.1,1997.9000000000001,14.199999999999999,3317.4000000000001,51.0,530.10000000000002
2012-09-01 00:00:00,2016.0,8.8000000000000007,1911.0,12.5,2927.0999999999999,43.700000000000003,453.10000000000002
2012-10-01 00:00:00,2343.6999999999998,10.300000000000001,2210.4000000000001,14.199999999999999,3335.0,43.799999999999997,579.89999999999998
2012-11-01 00:00:00,2206.5999999999999,10.1,2078.6999999999998,12.4,3006.6999999999998,37.5,515.29999999999995
