"L","u","v","col"
9341.57022199546,-3.37064856264893e-12,0,"white"
9100.96205296687,-474.917043556275,-635.350249130902,"aliceblue"
8809.51819127627,1008.86477035532,1668.00421378859,"antiquewhite"
8935.22548077347,1065.69835296267,1674.59478989636,"antiquewhite1"
8452.49877134591,1014.9106295505,1609.59231109556,"antiquewhite2"
7498.3782004994,902.98919685708,1401.70259375764,"antiquewhite3"
5512.04474494135,605.441299482188,1027.34610133223,"antiquewhite4"
8669.67440403148,-5536.85835049416,2237.02240600043,"aquamarine"
8669.67440403148,-5536.85835049416,2237.02240600043,"aquamarine1"
8202.14019538996,-5253.70616657385,2104.29499883996,"aquamarine2"
7277.33895343413,-4653.23707183047,1911.17164760999,"aquamarine3"
5330.48846446956,-3408.62671799155,1336.87823068905,"aquamarine4"
9249.91752218291,-811.879945732472,-175.002151326323,"azure"
9249.91752218291,-811.879945732472,-175.002151326323,"azure1"
8752.45882372204,-768.205569890833,-165.588062740566,"azure2"
7766.12382954449,-678.339738511618,-146.217324610188,"azure3"
5688.54635048216,-488.604881945445,-105.319642317127,"azure4"
8997.16897825937,137.635802198569,1854.87675487266,"beige"
8664.91909294123,1864.5552801807,2650.69311017709,"bisque"
8664.91909294123,1864.5552801807,2650.69311017709,"bisque1"
8203.20766712621,1751.69521540687,2514.8762180608,"bisque2"
7268.86912265924,1579.93939430125,2177.12620687226,"bisque3"
5344.52315782513,1096.82388157779,1662.53995874465,"bisque4"
0,0,0,"black"
8826.37337352615,1389.26920098532,2429.12639114475,"blanchedalmond"
3875.51895244341,-1161.2577384644,-15649.9250273997,"blue"
3875.51895244341,-1161.2577384644,-15649.9250273997,"blue1"
3666.59469027529,-1098.65582136044,-14806.2576168006,"blue2"
3252.1980557954,-974.486308970367,-13132.8620429953,"blue3"
2379.30799494719,-712.93415287794,-9608.00145604759,"blue4"
4508.91904870321,1889.4254796302,-12828.7889036631,"blueviolet"
4114.51639034587,11216.9280109423,2417.82857614042,"brown"
5826.68289756515,15979.782729226,3444.47029396528,"brown1"
5506.72646891112,15177.116541755,3271.45418444974,"brown2"
4886.90482491677,13449.2212374889,2899.00331027475,"brown3"
3581.56880719163,9807.31882253841,2113.98483446817,"brown4"
7389.75444002345,2909.60771476388,3920.28817022242,"burlywood"
8250.50018877712,3275.72582730459,4367.51039060619,"burlywood1"
7808.55798295791,3092.03730604142,4116.00638205267,"burlywood2"
6935.02852779343,2720.23241519228,3661.63666948237,"burlywood3"
5072.72652708368,2009.68037323691,2649.88650520833,"burlywood4"
6030.3908082311,-3095.80718051337,-847.238915704821,"cadetblue"
8604.83348915518,-4224.28739948223,-1736.4335317009,"cadetblue1"
8150.38280711923,-4005.20203978166,-1616.51594954392,"cadetblue2"
7224.24339183805,-3554.65482283436,-1456.21832191369,"cadetblue3"
5302.82545718063,-2610.40815757839,-1027.8550351966,"cadetblue4"
8499.16918003874,-6054.45644491533,10132.4288316883,"chartreuse"
8499.16918003874,-6054.45644491533,10132.4288316883,"chartreuse1"
8040.47171922438,-5747.45846217575,9587.98800109155,"chartreuse2"
7134.98115279339,-5086.22002455204,8506.52124094552,"chartreuse3"
5224.56217782518,-3730.65582136578,6229.63219123634,"chartreuse4"
5634.36573590671,9596.80506326177,4871.05410610704,"chocolate"
6575.41492109697,11263.1803213744,5682.46127699991,"chocolate1"
6212.821872194,10710.5026212002,5368.58413019328,"chocolate2"
5518.12179237949,9463.39803806229,4766.21176794423,"chocolate3"
4037.11134653288,6948.2553359188,3494.04295880427,"chocolate4"
6599.21907422665,10832.0258611365,4553.47303897637,"coral"
6408.27626319904,11851.6894059019,3869.25289469945,"coral1"
6057.31566817818,11252.7012776418,3659.39370296814,"coral2"
5369.53081086255,10007.3057962243,3231.81892143276,"coral3"
3936.35660080006,7292.69280750133,2366.31631546926,"coral4"
6102.59085811927,-2406.183604998,-8549.69156006606,"cornflowerblue"
9126.00564739499,566.474560140086,2136.16009375356,"cornsilk"
9126.00564739499,566.474560140086,2136.16009375356,"cornsilk1"
8646.00437121095,508.6370198553,2076.85259009022,"cornsilk2"
7675.78900637268,439.184310662683,1821.79382575583,"cornsilk3"
5630.70827140368,297.862478264102,1361.09281643961,"cornsilk4"
8616.44367365757,-6738.28515716681,-1452.44922596344,"cyan"
8616.44367365757,-6738.28515716681,-1452.44922596344,"cyan1"
8152.99303978764,-6375.85459467935,-1374.32668029015,"cyan2"
7233.74899924279,-5656.98162239331,-1219.37234579566,"cyan3"
5297.44228311169,-4142.73893722177,-892.974669725363,"cyan4"
2379.30799494719,-712.93415287794,-9608.00145604759,"darkblue"
5297.44228311169,-4142.73893722177,-892.974669725363,"darkcyan"
5883.46520888259,4579.61930234434,5931.16390843858,"darkgoldenrod"
7628.53132172247,6010.15526511682,7682.34654421136,"darkgoldenrod1"
7224.906686346,5657.80725721503,7280.09346870618,"darkgoldenrod2"
6409.87533143533,5020.70637626786,6458.86847033243,"darkgoldenrod3"
4693.05324437479,3678.83750718075,4728.99853589605,"darkgoldenrod4"
6718.08257587618,2.42403523604802e-12,-4.84807047209603e-12,"darkgray"
3938.64998354235,-3762.75397977703,4811.92309919879,"darkgreen"
6718.08257587618,2.42403523604802e-12,-4.84807047209603e-12,"darkgrey"
7076.46236634246,798.207725467349,5218.56990558383,"darkkhaki"
3782.58510238433,5287.0879455205,-6761.28727769047,"darkmagenta"
4404.63448013998,-1276.23174333292,4102.83482469522,"darkolivegreen"
8834.2941191005,-2592.68990961211,8233.03242489823,"darkolivegreen1"
8356.00327172232,-2482.64004466293,7809.62054415089,"darkolivegreen2"
7414.60943131245,-2198.91773542477,6912.73006723984,"darkolivegreen3"
5430.9017440807,-1600.49278818359,5063.27595873679,"darkolivegreen4"
6786.21212033612,10108.9636372216,6272.8841648779,"darkorange"
6571.28114197423,11340.8958771974,5885.44218870934,"darkorange1"
6209.06406604282,10781.503125283,5553.03504512091,"darkorange2"
5514.62860549897,9529.10027198533,4937.63593287706,"darkorange3"
4034.74535636585,6992.8313750994,3610.04756584348,"darkorange4"
4593.39678284038,3242.7998420038,-10687.6726284753,"darkorchid"
5486.64922447424,3871.23969982078,-12804.9552242506,"darkorchid1"
5189.10718559395,3644.40782292885,-12120.6926407055,"darkorchid2"
4612.48260544988,3275.32244199608,-10727.8864386875,"darkorchid3"
3371.6301250293,2367.2817601643,-7864.71071425901,"darkorchid4"
3434.11268686785,11259.8163688365,2427.0732371741,"darkred"
6791.42530138643,6430.09297717571,3147.33059940232,"darksalmon"
6962.7368397252,-2363.50997647757,3022.5277315827,"darkseagreen"
8883.33735414775,-3063.77963137879,3918.05365387188,"darkseagreen1"
8404.71195496325,-2905.4086163401,3715.52403072777,"darkseagreen2"
7456.87822441208,-2579.84691728961,3299.18592616523,"darkseagreen3"
5460.31436423671,-1894.34547132463,2422.54603418684,"darkseagreen4"
3435.60694774724,-126.152715869151,-7505.41803564417,"darkslateblue"
3452.58347781451,-1799.17233000649,-387.814762530995,"darkslategray"
8834.93864621417,-4629.75963524294,-997.95283840923,"darkslategray1"
8359.99176651074,-4378.52969168309,-943.799781874627,"darkslategray2"
7415.87780230113,-3899.83737258128,-840.616809925958,"darkslategray3"
5430.78752073948,-2857.32076423242,-615.900520019484,"darkslategray4"
3452.58347781451,-1799.17233000649,-387.814762530995,"darkslategrey"
7269.85620783154,-5652.80095272714,-1485.50319932066,"darkturquoise"
4383.38317136469,3049.61783336248,-11915.5029483473,"darkviolet"
5764.29076260256,14089.8939637586,-2117.08075282495,"deeppink"
5764.29076260256,14089.8939637586,-2117.08075282495,"deeppink1"
5452.4260079421,13347.5244230615,-1990.58575684906,"deeppink2"
4837.86694795537,11836.7946078936,-1763.18129573251,"deeppink3"
3540.07952785745,8672.63837557686,-1295.1221788602,"deeppink4"
7038.22260985057,-4793.99593630708,-6882.48085264387,"deepskyblue"
7038.22260985057,-4793.99593630708,-6882.48085264387,"deepskyblue1"
6652.87986203196,-4527.72450393211,-6536.14849086993,"deepskyblue2"
5919.96796661421,-4038.99222754716,-5735.37579287099,"deepskyblue3"
4323.03405512508,-2942.87107767338,-4241.08040992998,"deepskyblue4"
4586.45343439357,-1.65489551637633e-12,-3.30979103275266e-12,"dimgray"
4586.45343439357,-1.65489551637633e-12,-3.30979103275266e-12,"dimgrey"
5911.83002570584,-3305.43143565317,-10952.0409469485,"dodgerblue"
5911.83002570584,-3305.43143565317,-10952.0409469485,"dodgerblue1"
5584.11943576217,-3115.68344867488,-10395.353232097,"dodgerblue2"
4968.13442916465,-2782.46287327658,-9172.8766724047,"dodgerblue3"
3619.62771775609,-2017.13279309723,-6774.92414796681,"dodgerblue4"
4283.12180787018,12768.0083126803,2752.16666530103,"firebrick"
5710.80708823359,17079.8811873175,3681.59845293597,"firebrick1"
5398.60260971324,16207.1671705965,3493.4834105315,"firebrick2"
4789.95655103803,14371.5731694413,3097.81789267711,"firebrick3"
3507.99888702591,10504.1032287959,2264.1779396762,"firebrick4"
9206.01891566189,341.402949116005,809.79093774902,"floralwhite"
5153.42368735107,-4646.56669559034,5942.16941491452,"forestgreen"
8299.35919931927,0,-5.98919078726726e-12,"gainsboro"
9150.67384585334,-39.8304304839069,-536.782860716572,"ghostwhite"
8246.83164124948,3576.69058007534,8682.10670440548,"gold"
8246.83164124948,3576.69058007534,8682.10670440548,"gold1"
7810.38383724875,3358.34028220316,8226.15721926757,"gold2"
6926.84148453396,2989.98700251586,7294.17545502807,"gold3"
5065.35316752768,2215.49183433261,5330.44193016127,"gold4"
6872.85035056459,4679.96748230378,6876.1794871206,"goldenrod"
7792.870318826,5308.01899417126,7801.25375273062,"goldenrod1"
7370.79400426089,5034.61457538263,7382.61954927941,"goldenrod2"
6538.65830235194,4470.87191631581,6551.61433111582,"goldenrod3"
4785.93839915101,3281.8099298669,4789.93290786574,"goldenrod4"
7379.36240516807,0,5.32527973202606e-12,"gray"
0,0,0,"gray0"
255.559495504269,-9.22116117228891e-14,-1.84423223445778e-13,"gray1"
390.287021582826,0,0,"gray2"
573.805010069072,-2.07041748492785e-13,0,"gray3"
688.306475640244,0,-4.96712903215356e-13,"gray4"
851.915655872187,-3.07390322261082e-13,0,"gray5"
956.748633526735,-3.45216417559012e-13,-1.38086567023605e-12,"gray6"
1108.952061069,0,0,"gray7"
1207.58502893544,4.35723828577949e-13,0,"gray8"
1351.94338226232,-4.87811568067603e-13,-9.75623136135206e-13,"gray9"
1492.58186799416,-1.07711419139034e-12,-2.15422838278069e-12,"gray10"
1584.53155179395,0,0,"gray11"
1720.04607952456,-1.24126259458786e-12,-1.24126259458786e-12,"gray12"
1808.92806753845,-1.30540383380672e-12,-1.30540383380672e-12,"gray13"
1940.26831757046,7.00092432038169e-13,-1.40018486407634e-12,"gray14"
2026.60975914825,0,-1.46249273074868e-12,"gray15"
2154.44540773422,-7.7737234151345e-13,-1.5547446830269e-12,"gray16"
2238.62800111548,-8.07747313882923e-13,0,"gray17"
2363.45475317866,0,-1.70557522501517e-12,"gray18"
2445.76666624233,-8.82487601359958e-13,-3.52995040543983e-12,"gray19"
2567.96511382579,0,0,"gray20"
2688.7349870348,-9.70156034159409e-13,0,"gray21"
2768.50182612767,0,1.99787540620442e-12,"gray22"
2887.09575410318,0,0,"gray23"
2965.48761734569,-1.07001460540584e-12,-2.14002921081168e-12,"gray24"
3082.12153083254,-1.11209874367255e-12,0,"gray25"
3159.26940669122,0,0,"gray26"
3274.1229319242,-1.18137716595453e-12,0,"gray27"
3350.13660463909,0,0,"gray28"
3463.3613153991,-1.24965862935945e-12,-2.4993172587189e-12,"gray29"
3575.6721020476,-1.290182886266e-12,2.580365772532e-12,"gray30"
3650.05938738602,-2.63404698253135e-12,-2.63404698253135e-12,"gray31"
3760.93978813802,0,-2.71406326556279e-12,"gray32"
3834.40899748299,0,-5.53416390128613e-12,"gray33"
3943.96180824241,0,-5.69228037007889e-12,"gray34"
4016.5769919557,0,0,"gray35"
4124.89222618655,0,-2.97670771034626e-12,"gray36"
4196.70969057568,1.51426721099701e-12,0,"gray37"
4303.86676817519,0,0,"gray38"
4374.93636671812,1.57857540282012e-12,0,"gray39"
4481.00583580583,-1.61684765202718e-12,0,"gray40"
4586.45343439357,-1.65489551637633e-12,-3.30979103275266e-12,"gray41"
4656.41690082705,0,3.36027981610874e-12,"gray42"
4760.87463807552,1.71783060817726e-12,3.43566121635451e-12,"gray43"
4830.19643144222,-1.74284346978606e-12,0,"gray44"
4933.71757057753,0,-3.56039244850436e-12,"gray45"
5002.43145859758,0,0,"gray46"
5105.06423306273,0,0,"gray47"
5173.2008620324,0,-3.7332143602254e-12,"gray48"
5274.98913803449,0,0,"gray49"
5342.57643564761,-1.92772169514463e-12,-3.85544339028926e-12,"gray50"
5443.56026467014,0,-3.92831786215141e-12,"gray51"
5544.07923934468,0,0,"gray52"
5610.83986029548,0,-4.04903434025001e-12,"gray53"
5710.61166733166,-4.12103416254703e-12,-4.12103416254703e-12,"gray54"
5776.88511755228,-2.08443003213931e-12,0,"gray55"
5875.94188949743,0,-4.24034388510167e-12,"gray56"
5941.74875028344,0,0,"gray57"
6040.12017359714,-2.17941115867489e-12,0,"gray58"
6105.47948624923,0,0,"gray59"
6203.19306312149,-2.23825152358357e-12,0,"gray60"
6300.52431014958,0,-4.54674165162008e-12,"gray61"
6365.20376562877,0,-4.59341725507068e-12,"gray62"
6461.91717979197,0,-4.66321000354683e-12,"gray63"
6526.19248960099,2.35479697865451e-12,-4.70959395730902e-12,"gray64"
6622.31088014892,-2.38947865499428e-12,0,"gray65"
6686.19673801484,0,-4.8250602177165e-12,"gray66"
6781.74141634098,0,0,"gray67"
6845.25156531019,-2.4699206665766e-12,0,"gray68"
6940.24248388893,-2.50419552568093e-12,-5.00839105136186e-12,"gray69"
7034.91020479637,2.53835376779901e-12,0,"gray70"
7097.84567812838,0,0,"gray71"
7191.9890371107,0,-5.1900626842038e-12,"gray72"
7254.58067938667,0,0,"gray73"
7348.21663457271,-2.65140177173177e-12,0,"gray74"
7410.47541730246,0,1.06954645612203e-11,"gray75"
7503.6199476793,-2.70747478103381e-12,-1.08298991241352e-11,"gray76"
7565.55621712097,2.7298227795617e-12,0,"gray77"
7658.22440266795,-2.76325954436616e-12,-5.52651908873233e-12,"gray78"
7719.8479303507,0,0,"gray79"
7812.05402377986,0,-5.6375294604304e-12,"gray80"
7903.98938340979,0,5.70387414990532e-12,"gray81"
7965.1315429651,0,-5.74799708155917e-12,"gray82"
8056.62605243549,0,-5.8140236337357e-12,"gray83"
8117.47849858886,-2.92896874758573e-12,0,"gray84"
8208.54454540564,0,-5.92365484943088e-12,"gray85"
8269.11532447221,-2.98368272361568e-12,-5.96736544723135e-12,"gray86"
8359.76467256733,3.01639104647798e-12,0,"gray87"
8420.06143041278,0,0,"gray88"
8510.3052647833,0,0,"gray89"
8570.33527517212,-3.09236965415731e-12,-6.18473930831462e-12,"gray90"
8660.18424241671,-3.12478918161377e-12,-6.24957836322755e-12,"gray91"
8749.80118969112,-6.31424998209699e-12,-6.31424998209699e-12,"gray92"
8809.41867799335,-6.35727264241623e-12,-6.35727264241623e-12,"gray93"
8898.65676368371,-3.21083542886536e-12,0,"gray94"
8958.02485332238,-3.23225677037994e-12,0,"gray95"
9046.89348886416,0,0,"gray96"
9106.01831166989,-3.28565613748912e-12,0,"gray97"
9194.52648855469,-3.31759187763877e-12,-1.32703675105551e-11,"gray98"
9253.41390550527,0,0,"gray99"
9341.57022199546,-3.37064856264893e-12,0,"gray100"
8344.34284374286,-7971.69318804991,10194.4413048169,"green"
8344.34284374286,-7971.69318804991,10194.4413048169,"green1"
7895.50050699804,-7542.8956823218,9646.08214187894,"green2"
7005.2316993979,-6692.38535191261,8558.42391947087,"green3"
5129.95876284842,-4900.86015047201,6267.3675426945,"green4"
8667.62023800067,-4113.35256403781,9836.31759689557,"greenyellow"
7379.36240516807,0,5.32527973202606e-12,"grey"
0,0,0,"grey0"
255.559495504269,-9.22116117228891e-14,-1.84423223445778e-13,"grey1"
390.287021582826,0,0,"grey2"
573.805010069072,-2.07041748492785e-13,0,"grey3"
688.306475640244,0,-4.96712903215356e-13,"grey4"
851.915655872187,-3.07390322261082e-13,0,"grey5"
956.748633526735,-3.45216417559012e-13,-1.38086567023605e-12,"grey6"
1108.952061069,0,0,"grey7"
1207.58502893544,4.35723828577949e-13,0,"grey8"
1351.94338226232,-4.87811568067603e-13,-9.75623136135206e-13,"grey9"
1492.58186799416,-1.07711419139034e-12,-2.15422838278069e-12,"grey10"
1584.53155179395,0,0,"grey11"
1720.04607952456,-1.24126259458786e-12,-1.24126259458786e-12,"grey12"
1808.92806753845,-1.30540383380672e-12,-1.30540383380672e-12,"grey13"
1940.26831757046,7.00092432038169e-13,-1.40018486407634e-12,"grey14"
2026.60975914825,0,-1.46249273074868e-12,"grey15"
2154.44540773422,-7.7737234151345e-13,-1.5547446830269e-12,"grey16"
2238.62800111548,-8.07747313882923e-13,0,"grey17"
2363.45475317866,0,-1.70557522501517e-12,"grey18"
2445.76666624233,-8.82487601359958e-13,-3.52995040543983e-12,"grey19"
2567.96511382579,0,0,"grey20"
2688.7349870348,-9.70156034159409e-13,0,"grey21"
2768.50182612767,0,1.99787540620442e-12,"grey22"
2887.09575410318,0,0,"grey23"
2965.48761734569,-1.07001460540584e-12,-2.14002921081168e-12,"grey24"
3082.12153083254,-1.11209874367255e-12,0,"grey25"
3159.26940669122,0,0,"grey26"
3274.1229319242,-1.18137716595453e-12,0,"grey27"
3350.13660463909,0,0,"grey28"
3463.3613153991,-1.24965862935945e-12,-2.4993172587189e-12,"grey29"
3575.6721020476,-1.290182886266e-12,2.580365772532e-12,"grey30"
3650.05938738602,-2.63404698253135e-12,-2.63404698253135e-12,"grey31"
3760.93978813802,0,-2.71406326556279e-12,"grey32"
3834.40899748299,0,-5.53416390128613e-12,"grey33"
3943.96180824241,0,-5.69228037007889e-12,"grey34"
4016.5769919557,0,0,"grey35"
4124.89222618655,0,-2.97670771034626e-12,"grey36"
4196.70969057568,1.51426721099701e-12,0,"grey37"
4303.86676817519,0,0,"grey38"
4374.93636671812,1.57857540282012e-12,0,"grey39"
4481.00583580583,-1.61684765202718e-12,0,"grey40"
4586.45343439357,-1.65489551637633e-12,-3.30979103275266e-12,"grey41"
4656.41690082705,0,3.36027981610874e-12,"grey42"
4760.87463807552,1.71783060817726e-12,3.43566121635451e-12,"grey43"
4830.19643144222,-1.74284346978606e-12,0,"grey44"
4933.71757057753,0,-3.56039244850436e-12,"grey45"
5002.43145859758,0,0,"grey46"
5105.06423306273,0,0,"grey47"
5173.2008620324,0,-3.7332143602254e-12,"grey48"
5274.98913803449,0,0,"grey49"
5342.57643564761,-1.92772169514463e-12,-3.85544339028926e-12,"grey50"
5443.56026467014,0,-3.92831786215141e-12,"grey51"
5544.07923934468,0,0,"grey52"
5610.83986029548,0,-4.04903434025001e-12,"grey53"
5710.61166733166,-4.12103416254703e-12,-4.12103416254703e-12,"grey54"
5776.88511755228,-2.08443003213931e-12,0,"grey55"
5875.94188949743,0,-4.24034388510167e-12,"grey56"
5941.74875028344,0,0,"grey57"
6040.12017359714,-2.17941115867489e-12,0,"grey58"
6105.47948624923,0,0,"grey59"
6203.19306312149,-2.23825152358357e-12,0,"grey60"
6300.52431014958,0,-4.54674165162008e-12,"grey61"
6365.20376562877,0,-4.59341725507068e-12,"grey62"
6461.91717979197,0,-4.66321000354683e-12,"grey63"
6526.19248960099,2.35479697865451e-12,-4.70959395730902e-12,"grey64"
6622.31088014892,-2.38947865499428e-12,0,"grey65"
6686.19673801484,0,-4.8250602177165e-12,"grey66"
6781.74141634098,0,0,"grey67"
6845.25156531019,-2.4699206665766e-12,0,"grey68"
6940.24248388893,-2.50419552568093e-12,-5.00839105136186e-12,"grey69"
7034.91020479637,2.53835376779901e-12,0,"grey70"
7097.84567812838,0,0,"grey71"
7191.9890371107,0,-5.1900626842038e-12,"grey72"
7254.58067938667,0,0,"grey73"
7348.21663457271,-2.65140177173177e-12,0,"grey74"
7410.47541730246,0,1.06954645612203e-11,"grey75"
7503.6199476793,-2.70747478103381e-12,-1.08298991241352e-11,"grey76"
7565.55621712097,2.7298227795617e-12,0,"grey77"
7658.22440266795,-2.76325954436616e-12,-5.52651908873233e-12,"grey78"
7719.8479303507,0,0,"grey79"
7812.05402377986,0,-5.6375294604304e-12,"grey80"
7903.98938340979,0,5.70387414990532e-12,"grey81"
7965.1315429651,0,-5.74799708155917e-12,"grey82"
8056.62605243549,0,-5.8140236337357e-12,"grey83"
8117.47849858886,-2.92896874758573e-12,0,"grey84"
8208.54454540564,0,-5.92365484943088e-12,"grey85"
8269.11532447221,-2.98368272361568e-12,-5.96736544723135e-12,"grey86"
8359.76467256733,3.01639104647798e-12,0,"grey87"
8420.06143041278,0,0,"grey88"
8510.3052647833,0,0,"grey89"
8570.33527517212,-3.09236965415731e-12,-6.18473930831462e-12,"grey90"
8660.18424241671,-3.12478918161377e-12,-6.24957836322755e-12,"grey91"
8749.80118969112,-6.31424998209699e-12,-6.31424998209699e-12,"grey92"
8809.41867799335,-6.35727264241623e-12,-6.35727264241623e-12,"grey93"
8898.65676368371,-3.21083542886536e-12,0,"grey94"
8958.02485332238,-3.23225677037994e-12,0,"grey95"
9046.89348886416,0,0,"grey96"
9106.01831166989,-3.28565613748912e-12,0,"grey97"
9194.52648855469,-3.31759187763877e-12,-1.32703675105551e-11,"grey98"
9253.41390550527,0,0,"grey99"
9341.57022199546,-3.37064856264893e-12,0,"grey100"
9218.83790054743,-749.437280894802,958.402963021275,"honeydew"
9218.83790054743,-749.437280894802,958.402963021275,"honeydew1"
8723.04822004943,-709.121427356819,906.845835463654,"honeydew2"
7740.14851913811,-626.084605085065,800.655846609469,"honeydew3"
5669.82442242129,-450.761838168638,576.447812686784,"honeydew4"
6456.73223700906,9730.59118997543,-2743.9437904974,"hotpink"
6521.38834411549,9460.0721823812,-2525.35278327518,"hotpink1"
6213.17279033889,8796.60836259423,-2154.628274384,"hotpink2"
5581.18686301265,7515.74167848798,-1697.07165380073,"hotpink3"
3978.95605997758,5937.67783119034,-1638.27277198771,"hotpink4"
5413.480043504,9392.2318531882,2024.51210761287,"indianred"
6320.3843822497,12051.0055471545,2597.61545716553,"indianred1"
5981.22905328045,11395.2770864484,2456.27203328538,"indianred2"
5302.24513885879,10138.1291812908,2185.29158957032,"indianred3"
3888.06887836462,7379.01150141852,1590.558917236,"indianred4"
9311.09942436241,83.0083053750584,1118.67823373048,"ivory"
9311.09942436241,83.0083053750584,1118.67823373048,"ivory1"
8810.35518324362,78.54298515739,1058.50044174241,"ivory2"
7817.26008728362,69.3518454321075,934.634186343106,"ivory3"
5725.40931709678,49.9462242709182,673.110403789584,"ivory4"
8522.17678528933,1098.34783649794,6005.06200532637,"khaki"
8975.32934045707,1076.67083124815,6659.36166303634,"khaki1"
8500.8815759174,995.444802600936,6341.85306344044,"khaki2"
7540.50547601747,888.398763620798,5599.6717523715,"khaki3"
5516.14570251774,668.234710872495,4086.33951243679,"khaki4"
8645.82303921042,-116.930394899887,-1575.83614127505,"lavender"
9008.14676681492,827.492728365619,-193.833936591675,"lavenderblush"
9008.14676681492,827.492728365619,-193.833936591675,"lavenderblush1"
8524.39761083547,780.527278157119,-209.226683259404,"lavenderblush2"
7564.08445439443,691.191581047563,-161.95378271723,"lavenderblush3"
5543.79379764568,494.683487463076,-145.385731268101,"lavenderblush4"
8414.64932715811,-6049.33600642186,10038.3669469461,"lawngreen"
9142.69163111642,541.097492558158,3279.99342797024,"lemonchiffon"
9142.69163111642,541.097492558158,3279.99342797024,"lemonchiffon1"
8643.26045150273,532.648112431083,3107.10446441177,"lemonchiffon2"
7676.48200081528,452.008667006154,2741.07650090163,"lemonchiffon3"
5639.26312872848,285.619977135201,2043.09875507804,"lemonchiffon4"
7962.10715169478,-2260.1005362306,-1636.78122014139,"lightblue"
8633.78169204762,-2470.16658952719,-1821.11962064414,"lightblue1"
8166.56646900894,-2346.31469651141,-1730.92304865404,"lightblue2"
7247.45910175903,-2046.79433010543,-1534.14582533737,"lightblue3"
5325.7949762259,-1558.59421541485,-1061.89283918985,"lightblue4"
6489.76795012756,8594.57852102812,1852.57652788294,"lightcoral"
9158.83467015975,-1629.6797694972,-351.280342782307,"lightcyan"
9158.83467015975,-1629.6797694972,-351.280342782307,"lightcyan1"
8665.89724107362,-1545.35514494304,-333.104021536378,"lightcyan2"
7688.82213858949,-1372.17469434799,-295.774670588497,"lightcyan3"
5630.68386008637,-1007.52305365186,-217.173367597915,"lightcyan4"
8301.77106381895,1586.7352993474,6077.586848697,"lightgoldenrod"
8756.56390477122,1729.02752267036,6401.54685227593,"lightgoldenrod1"
8280.09986236226,1652.14948542545,6032.01564648539,"lightgoldenrod2"
7357.85141315607,1431.69664992756,5374.19585485559,"lightgoldenrod3"
5392.62823144734,1035.60978267851,3940.81711951996,"lightgoldenrod4"
9118.40942785633,215.033590396382,2897.94371792606,"lightgoldenrodyellow"
8026.15682470929,0,0,"lightgray"
8201.25356113311,-4555.5309538044,5825.75016690979,"lightgreen"
8026.15682470929,0,0,"lightgrey"
7739.45574816092,4727.76748078158,239.099838954771,"lightpink"
7572.30648512941,5369.77591156406,388.453319526717,"lightpink1"
7158.07563019318,5101.26263700543,319.547606630445,"lightpink2"
6359.80806361355,4494.73177127844,311.44132648996,"lightpink3"
4658.52126399527,3285.95182154989,235.080156221652,"lightpink4"
7208.93798207286,7412.33269780605,3856.02504387761,"lightsalmon"
7208.93798207286,7412.33269780605,3856.02504387761,"lightsalmon1"
6815.07461785779,7038.23367846076,3626.2262933758,"lightsalmon2"
6058.79343714267,6192.27625787709,3258.44376746943,"lightsalmon3"
4426.14215816078,4582.84839141308,2390.2542050002,"lightsalmon4"
6448.42144563811,-5026.38098350265,-358.774128323709,"lightseagreen"
7616.79313136409,-3340.97445653355,-4525.70843442289,"lightskyblue"
8268.86047977741,-2572.31355617377,-2946.89868154543,"lightskyblue1"
7824.31680000862,-2448.02072192908,-2786.24404712706,"lightskyblue2"
6946.83456185648,-2194.28024054767,-2454.77498166451,"lightskyblue3"
5079.06064388143,-1569.27551770377,-1826.91722573621,"lightskyblue4"
5592.11709940202,-211.493096480607,-12213.4982258571,"lightslateblue"
5576.50572939787,-1063.59728595377,-1747.79300869251,"lightslategray"
5576.50572939787,-1063.59728595377,-1747.79300869251,"lightslategrey"
7504.77010362016,-1208.7617742497,-2411.81221619998,"lightsteelblue"
8382.45915748547,-1352.65573858147,-2707.11783729705,"lightsteelblue1"
7928.53298085755,-1306.059880778,-2568.45977526039,"lightsteelblue2"
7037.65493041099,-1160.80867800965,-2268.93886947942,"lightsteelblue3"
5161.52099374956,-855.123300635382,-1636.72671530483,"lightsteelblue4"
9281.21666982689,168.240937386768,2267.33305572985,"lightyellow"
9281.21666982689,168.240937386768,2267.33305572985,"lightyellow1"
8781.9565866524,159.54250282337,2150.10684120065,"lightyellow2"
7791.89886507905,141.665868551086,1909.18876002307,"lightyellow3"
5706.42430613578,104.024833244441,1401.91172669046,"lightyellow4"
7036.99899945371,-6347.7667253927,8117.71524218881,"limegreen"
8943.40710339456,637.228437470101,874.284205620704,"linen"
6155.3424534884,8603.59674812743,-11002.5386063001,"magenta"
6155.3424534884,8603.59674812743,-11002.5386063001,"magenta1"
5824.02114054136,8140.49416818227,-10410.309081406,"magenta2"
5166.85267388318,7221.94048486804,-9235.63497027641,"magenta3"
3782.58510238433,5287.0879455205,-6761.28727769047,"magenta4"
4442.71963432171,9774.97884767821,-546.470778329014,"maroon"
5967.35798054686,11886.2182726982,-4351.7042449858,"maroon1"
5642.96499880448,11262.923399628,-4122.37633578409,"maroon2"
5004.77159975432,9992.23735659794,-3677.76497143461,"maroon3"
3666.41131950387,7288.35835417143,-2722.24643072813,"maroon4"
7277.33895343413,-4653.23707183047,1911.17164760999,"mediumaquamarine"
3252.1980557954,-974.486308970367,-13132.8620429953,"mediumblue"
5434.1755850973,4351.40750207174,-8731.3266067699,"mediumorchid"
6307.2283804464,5036.16039931599,-10223.933618188,"mediumorchid1"
5964.4310771636,4766.84052477728,-9685.05227938784,"mediumorchid2"
5293.56818216866,4221.97538436727,-8584.60635610187,"mediumorchid3"
3866.42774032152,3107.718969792,-6316.68944585425,"mediumorchid4"
5513.21304636352,883.573976853759,-9013.93479858669,"mediumpurple"
6219.94499688473,1004.05406494461,-10215.3957739323,"mediumpurple1"
5874.05909391357,930.700554413082,-9702.13495075425,"mediumpurple2"
5207.47809793233,836.086041126147,-8621.12768892773,"mediumpurple3"
3823.58942206926,599.574166058065,-6272.11789317256,"mediumpurple4"
6397.64983954974,-5115.98196777356,4238.91153171778,"mediumseagreen"
5279.71707987305,-193.168759692697,-11592.070932469,"mediumslateblue"
8298.58159733667,-7378.37769077827,5729.80294152041,"mediumspringgreen"
7385.892515543,-5275.91038306666,-700.947264957278,"mediumturquoise"
4789.44095171807,10473.2514309851,-3263.07998636199,"mediumvioletred"
2213.80525544714,-585.834541879904,-7895.11781510734,"midnightblue"
9269.24261079616,-522.581074593253,262.451030624934,"mintcream"
8718.99382017119,1627.71223913423,570.579185082257,"mistyrose"
8718.99382017119,1627.71223913423,570.579185082257,"mistyrose1"
8254.21196766829,1528.92887061821,552.291891302008,"mistyrose2"
7313.8422917752,1382.3749762092,450.990702151179,"mistyrose3"
5378.09525223266,952.523205617789,370.529315109481,"mistyrose4"
8640.74370303862,1977.92940144676,3643.83930611582,"moccasin"
8503.57669458789,2411.57643526422,3833.65860396929,"navajowhite"
8503.57669458789,2411.57643526422,3833.65860396929,"navajowhite1"
8041.28085878179,2298.33181798643,3646.44504901912,"navajowhite2"
7150.38325937269,1990.21742631005,3252.34182408761,"navajowhite3"
5227.28015766233,1485.82351441448,2377.17588068632,"navajowhite4"
2226.48377205853,-667.142011584868,-8990.8743925687,"navy"
2226.48377205853,-667.142011584868,-8990.8743925687,"navyblue"
9068.31811392584,548.495687692806,1215.96546505647,"oldlace"
5478.30775188236,-1954.79480951002,5992.74640415419,"olivedrab"
8758.09348317409,-3134.09464644556,9597.42208761818,"olivedrab1"
8286.11100974692,-2976.36906768951,9078.93616791327,"olivedrab2"
7351.00510887652,-2650.82004890121,8054.56948607864,"olivedrab3"
5386.60960774488,-1905.770715878,5895.99643159807,"olivedrab4"
7238.08742117264,7781.53657379018,7055.51076253391,"orange"
7238.08742117264,7781.53657379018,7055.51076253391,"orange1"
6848.66154445175,7362.72599136839,6675.925675543,"orange2"
6083.23271882706,6498.55638097376,5934.82379939449,"orange3"
4450.48317252879,4776.1514089161,4339.25389308272,"orange4"
5846.66545379616,16243.5043967088,4488.09550237243,"orangered"
5846.66545379616,16243.5043967088,4488.09550237243,"orangered1"
5528.48009282312,15395.5157075103,4239.46619219957,"orangered2"
4903.50036038994,13666.2979730686,3758.84338444599,"orangered3"
3586.90592922944,10024.8300968911,2746.19159502292,"orangered4"
6205.04009709049,5467.094203945,-6499.19528489284,"orchid"
7034.71830286021,6208.96213482073,-7343.54055351295,"orchid1"
6651.06890805038,5895.78932451263,-6934.34948604349,"orchid2"
5900.77883516337,5225.20459076033,-6183.32569052928,"orchid3"
4320.37227896924,3811.87539925808,-4605.42909945574,"orchid4"
8589.52036011634,701.6594604902,4406.68730451482,"palegoldenrod"
8558.97236965587,-4748.24967609584,6072.20467241993,"palegreen"
8666.05351424927,-4826.55417262826,6172.34282061155,"palegreen1"
8201.25356113311,-4555.5309538044,5825.75016690979,"palegreen2"
7276.42415667742,-4043.2475783184,5170.62675966999,"palegreen3"
5328.33159773915,-2964.34527191176,3790.89400066442,"palegreen4"
8494.94103800657,-3111.68575461902,-670.729341415725,"paleturquoise"
8975.57007525317,-3309.18771012561,-713.301235556587,"paleturquoise1"
8490.45439713827,-3153.36747546091,-679.713909708931,"paleturquoise2"
7533.82675390685,-2792.37005763842,-601.900280890719,"paleturquoise3"
5518.85842143229,-2031.20110917005,-437.828974283208,"paleturquoise4"
6012.71764027649,7538.17040136705,-761.325807816949,"palevioletred"
6786.29803335862,8547.80362412211,-867.405624160104,"palevioletred1"
6414.53709778839,8126.39643108056,-789.845187293847,"palevioletred2"
5687.51570453237,7222.86752224917,-715.831115094517,"palevioletred3"
4173.0341061651,5249.23359171914,-507.020469147861,"palevioletred4"
8924.23938276978,1106.91615684754,2101.52023619365,"papayawhip"
8439.57126273547,2561.96664253894,2839.78758831415,"peachpuff"
8439.57126273547,2561.96664253894,2839.78758831415,"peachpuff1"
7976.45294539947,2450.43123564728,2638.29586644589,"peachpuff2"
7080.24033446505,2164.64757000865,2350.06359643653,"peachpuff3"
5192.88284909635,1561.4224184613,1744.14827271726,"peachpuff4"
6101.63120272248,6265.3015991267,5025.79528000742,"peru"
7952.54623820154,3961.09804592404,62.2262857129013,"pink"
7728.95263676637,4726.99185538456,-122.746242162157,"pink1"
7314.73979331551,4466.2439605014,-122.580678647323,"pink2"
6477.57894805185,4007.39630342988,-104.072911386421,"pink3"
4760.04364043682,2870.51971736468,-106.615180038723,"pink4"
7082.709996169,3189.01795499309,-4078.2121934797,"plum"
7987.51672907464,3456.93702113493,-4420.83516325465,"plum1"
7547.83421025462,3298.11575669575,-4217.72974761859,"plum2"
6699.16477307139,2919.47191216193,-3733.50859692042,"plum3"
4911.86021670419,2120.99137989169,-2712.38764717409,"plum4"
8159.84078408678,-2472.38530914314,-1020.46187286495,"powderblue"
4811.98604074041,2815.1631135539,-13306.9937667049,"purple"
4955.95081334065,2051.33190954694,-14161.106504842,"purple1"
4687.08682447491,1965.81730768659,-13404.5099092346,"purple2"
4159.90038797241,1748.41195273963,-11886.2048590758,"purple3"
3049.72090493663,1291.07126008952,-8687.35741087209,"purple4"
5589.19938869393,18325.9445754841,3950.1896095033,"red"
5589.19938869393,18325.9445754841,3950.1896095033,"red1"
5288.27263980767,17339.2617721248,3737.50839453776,"red2"
4691.39111599931,15382.1983426882,3315.6599276139,"red3"
3434.11268686785,11259.8163688365,2427.0732371741,"red4"
6244.11331065655,3103.69723430572,669.007401801265,"rosybrown"
7951.58912687301,4036.185364436,870.006859562008,"rosybrown1"
7520.94304093394,3829.27590868601,825.407162185149,"rosybrown2"
6671.92005595438,3400.64936736917,733.015956760896,"rosybrown3"
4883.40560419771,2498.21344196821,538.494304625692,"rosybrown4"
4913.74164492797,-1896.82051634658,-11385.0996978905,"royalblue"
5406.07091191554,-2101.05568904844,-12669.0991307441,"royalblue1"
5111.51228986779,-1987.99160356982,-11997.4427800816,"royalblue2"
4541.18411789855,-1765.13505141848,-10622.8147644664,"royalblue3"
3313.1968044807,-1286.26745786855,-7808.76070196251,"royalblue4"
4037.11134653288,6948.2553359188,3494.04295880427,"saddlebrown"
6590.07187230545,9722.83131183583,2886.17055804439,"salmon"
6836.35591857214,9318.20649568686,3918.92004299542,"salmon1"
6457.12502990708,8873.1178888731,3681.31617343379,"salmon2"
5728.73381780435,7876.86274605167,3288.60265839185,"salmon3"
4195.72888495495,5759.87141954089,2407.69058340099,"salmon4"
7141.78082164866,6523.41294250162,5206.41826188376,"sandybrown"
5221.00499672141,-4193.69261323732,3511.04602767419,"seagreen"
8490.76008468923,-6832.41987498626,5748.05740552411,"seagreen1"
8032.8767903597,-6474.51540831441,5462.80325668532,"seagreen2"
7127.57012773696,-5744.88830844338,4813.54665915434,"seagreen3"
5221.00499672141,-4193.69261323732,3511.04602767419,"seagreen4"
9097.42677794317,614.719571240568,648.258680792246,"seashell"
9097.42677794317,614.719571240568,648.258680792246,"seashell1"
8614.93798447033,564.805612604542,644.417792826171,"seashell2"
7637.85389254997,516.179621572397,572.676170895174,"seashell3"
5604.75993932975,349.287328974928,407.675802815121,"seashell4"
4577.12574916523,7303.09951340786,3422.58826765555,"sienna"
6640.19106441379,10685.9467561221,4975.04622757668,"sienna1"
6277.24279802088,10144.2847305354,4704.8511660115,"sienna2"
5565.51355688671,9018.37119550556,4161.10266918125,"sienna3"
4083.21022614558,6561.62037296005,3088.21382774968,"sienna4"
7572.16948420316,-3372.95078873108,-3221.89664582162,"skyblue"
7632.40818204008,-3330.63614543363,-4960.85993548615,"skyblue1"
7215.52757960287,-3141.41235095563,-4716.00552389383,"skyblue2"
6414.79283450572,-2829.16329364719,-4136.41111428241,"skyblue3"
4686.12807009764,-2019.72181605751,-3070.97343167667,"skyblue4"
4692.38254792802,-181.205221926407,-10255.9754551634,"slateblue"
5566.74109767939,-223.357135568858,-12292.6697247026,"slateblue1"
5254.03091242812,-205.297492575981,-11671.9379711508,"slateblue2"
4665.8886104111,-193.558758156377,-10338.4694868526,"slateblue3"
3406.99706131354,-139.574783221671,-7594.17040970475,"slateblue4"
5311.85223039545,-1013.09736159328,-1664.80154452816,"slategray"
8382.04108817205,-1588.61382496324,-2685.48742934933,"slategray1"
7933.78707232094,-1496.49026068446,-2533.51350668896,"slategray2"
7043.11702355988,-1356.70490877425,-2232.81660130154,"slategray3"
5148.94649644468,-963.211324028391,-1665.48716014011,"slategray4"
5311.85223039545,-1013.09736159328,-1664.80154452816,"slategrey"
9226.52556490836,280.871504581849,60.5423471862303,"snow"
9226.52556490836,280.871504581849,60.5423471862303,"snow1"
8722.5595548576,284.991306003279,61.4303776340609,"snow2"
7746.58716143659,234.628522812841,50.5745910717304,"snow3"
5691.79783761905,126.296482305729,27.223429060694,"snow4"
8396.7904149584,-7673.81089498285,7467.05166216374,"springgreen"
8396.7904149584,-7673.81089498285,7467.05166216374,"springgreen1"
7944.60340335572,-7263.8676132114,7091.48181731643,"springgreen2"
7049.1833193373,-6442.83062112769,6273.43440395555,"springgreen3"
5162.00293918656,-4719.03432257054,4602.38672267727,"springgreen4"
5291.70488338068,-2704.67906021922,-5393.92710093026,"steelblue"
6992.14104469611,-3574.60705759284,-7148.32274949951,"steelblue1"
6621.10913900925,-3401.00070421499,-6743.77256242353,"steelblue2"
5869.82044403163,-3017.98484745199,-5998.54964845283,"steelblue3"
4290.05781479704,-2184.62311139629,-4421.32638079262,"steelblue4"
7213.50606223652,2271.00571840794,3288.68382487314,"tan"
7260.46642290094,7496.51534095278,5950.26226696745,"tan1"
6869.3405181281,7099.22856209508,5654.15623166295,"tan2"
6101.63120272248,6265.3015991267,5025.79528000742,"tan3"
4464.21428570701,4601.74534274219,3661.94555666076,"tan4"
7646.65964253758,1307.46559805386,-1672.02637921493,"thistle"
8724.73120870084,1518.39480570713,-1941.76900178804,"thistle1"
8255.47573843324,1436.70477929599,-1837.30133603722,"thistle2"
7327.19312099208,1268.39092553342,-1622.05651131889,"thistle3"
5372.1896638584,913.011605308092,-1167.58673488373,"thistle4"
6191.75538132547,13370.1565001662,4011.59260138201,"tomato"
6191.75538132547,13370.1565001662,4011.59260138201,"tomato1"
5853.17298658514,12687.9846975801,3794.02946850618,"tomato2"
5189.71407804097,11273.6664108457,3352.97497727938,"tomato3"
3805.11004040262,8225.10576220598,2494.56743972016,"tomato4"
7762.80280380162,-5852.7389279254,109.437820001866,"turquoise"
8370.24570258966,-6441.01643814841,-2251.1087351007,"turquoise1"
7928.3441447384,-6104.65611977605,-2102.67185000451,"turquoise2"
7028.00592458493,-5408.59672062638,-1886.50007588554,"turquoise3"
5158.47540395127,-3975.07390646158,-1342.74606080851,"turquoise4"
6789.76040079917,5410.89675514715,-6919.61771176314,"violet"
5010.51496312588,10429.4465824674,-3700.77310952364,"violetred"
5949.13324349172,12987.0847634505,-1764.25542897368,"violetred1"
5629.87049514614,12282.7284057655,-1666.15431107916,"violetred2"
4993.40071333393,10923.079738885,-1428.85024861101,"violetred3"
3658.14404417034,7958.11863969347,-1100.01695542875,"violetred4"
8438.14570194364,1698.46815679174,3356.75857464627,"wheat"
8711.26276147089,1759.67373449439,3482.71509638707,"wheat1"
8251.8637142646,1637.7300218054,3290.97176628484,"wheat2"
7320.61449513461,1455.25733486088,2908.41258148421,"wheat3"
5358.90287378824,1071.17147048536,2100.99643773452,"wheat4"
9046.89348886416,0,0,"whitesmoke"
9111.6242870602,740.765015977431,9983.06971740602,"yellow"
9111.6242870602,740.765015977431,9983.06971740602,"yellow1"
8621.58885543922,700.925675273958,9446.16677631147,"yellow2"
7649.61445891733,621.905227691223,8381.23171552412,"yellow3"
5602.23588600072,455.455605373916,6138.0396800079,"yellow4"
7351.00510887652,-2650.82004890121,8054.56948607864,"yellowgreen"
